Mã_Tin,Hãng_Xe,Dòng_Xe,Tên_Xe,Giá_Triệu_VNĐ,Giá_Gốc,Năm sản xuất,Tình trạng,Odo_Km,Xuất xứ,Động cơ,Hộp số,Màu ngoại thất,Số chỗ ngồi,Số cửa,Dẫn động,Tỉnh_Thành,Người_Bán,Điện_Thoại,Địa_Chỉ_Chi_Tiết,Website,Mô_Tả,URL,Kiểu dáng,Màu nội thất
6469876,Audi,Q5,Audi Q5 2.0 AT 2012,379,379 Triệu,2012,Xe đã dùng,130000.0,Nhập khẩu,Xăng 2.0 L,Số tự động,Trắng,5 chỗ,5 cửa,AWD - 4 bánh toàn thời gian,Hà Nội,Auto Hoàng Thanh,0986 934 488,"132A Cổ Linh, Long Biên Hà Nội",autohoangthanh.bonbanh.com,"| | Bán xe: Audi Q5 2.0AT sản xuất 2012 nhập khẩu Đức, biển hà nội | lăn bánh 13 vạn kilomet chủ sử dụng kỹ bảo dưỡng rất đều đầy đủ nên xe còn cực chất ngon, máy êm gầm bệ chắc chắn điều hoà mát, số mượt | Đã vào màn androi xịn, camera lùi siêu nét, dán phim cách nhiệt xịn sò.. | Giá có thương lượng | | | |",https://bonbanh.com/xe-audi-q5-2.0-at-2012-6469876,SUV,Đen
6634959,Audi,Q5,Audi Q5 Sline 45 TFSI Quattro 2024,2079,2 Tỷ 79 Triệu,2024,Xe đã dùng,7000.0,Nhập khẩu,Xăng 2.0 L,Số tự động,Xanh,5 chỗ,5 cửa,AWD - 4 bánh toàn thời gian,Hà Nội,HTV Auto,0906 759 555,"9A Hoàng Quán Chi, Cầu Giấy Hà Nội",htvauto.bonbanh.com,"| | Mới về…Audi Q5 S Line45 TFSI Quattro sản xuất 2024 nhập nguyên chiếc lăn bánh đúng 7000km không khác gì xe mới…màu xanh District – Nội thất đen chất lượng xe tuyệt đối… | Cam kết xe không đâm đụng ngập nước, pháp lý chuẩn. | Bảo hành và hậu mãi sau bán. Giao xe toàn quốc. | Ngân hàng hỗ trợ 50% đến 70% giá trị xe. | Add : HTV AUTO 9A Hoàng Quán Chi, Dịch Vọng, Cầu Giấy, Hà Nội. | | | |",https://bonbanh.com/xe-audi-q5-sline-45-tfsi-quattro-2024-6634959,SUV,Đen
6655074,Audi,Q5,Audi Q5 45 TFSI Quattro 2021,1555,1 Tỷ 555 Triệu,2021,Xe đã dùng,38000.0,Nhập khẩu,Xăng 2.0 L,Số tự động,Trắng,5 chỗ,5 cửa,AWD - 4 bánh toàn thời gian,Hà Nội,Minh Long Auto,0921 619 999,"199 Nguyễn Xiển, Thanh Xuân Hà Nội",minhlongauto.bonbanh.com,"| | Audi Q5 sx 2021 | 3V8 Km zin | -Options: Động cơ 2.0l, hộp số 7 cấp, ghế da phối nỉ cao cấp chỉnh điện đa hướng, loa cao cấp, đèn pha matrix led thông minh, màn hình giải trí, điều hòa đa vùng, cam 360, nội thất bọc da ốp gỗ cao cấp ... | | - Xe cam kết không đâm đụng, không ngập nước, bao check hãng toàn quốc. | - Hỗ trợ sang tên đổi chủ, thủ tục giấy tờ pháp lý rõ ràng. | - Chế độ bảo hành hậu mãi, chăm sóc xe miễn phí sau khi mua xe | | Liên hệ để biết thêm thông tin xe | | | |",https://bonbanh.com/xe-audi-q5-45-tfsi-quattro-2021-6655074,SUV,Đen
6434954,Audi,Q5,Audi Q5 Sline 45 TFSI Quattro 2022,1775,1 Tỷ 775 Triệu,2022,Xe đã dùng,13000.0,Nhập khẩu,Xăng 2.0 L,Số tự động,Trắng,5 chỗ,5 cửa,AWD - 4 bánh toàn thời gian,Hà Nội,Minh Long Auto,0921 619 999,"199 Nguyễn Xiển, Thanh Xuân Hà Nội",minhlongauto.bonbanh.com,"| | Audi Q5 Sline sx 2022 1V3 | Đến 2026 | ⚙️ Tính năng hỗ trợ vận hành như: | Hệ thống giải trí đa phương tiện MMI radio plus, điều khiển bằng giọng nói, kết nối iPod, AUX, USB và Bluetooth. | Hệ thống âm thanh Bang & Olufsen 16 kênh với 19 loa cho công suất lên đến 755W. | Điều hòa không khí tự động 3 vùng độc lập, với cửa gió cho hàng ghế sau cùng khả năng làm mát còn được tăng cường với kính chắn gió cách âm, cách nhiệt và màn che nắng cho hai cửa bên phía sau. | Hệ thống Start-stop với chìa khoá thông minh Smartkey. | Gương chiếu hậu bên trong trang viền và chống chói tự động. | Hệ thống lái trợ lực cơ điện. | Tái tạo năng lượng từ phanh. | Phanh tay cơ điện. | Hệ thống lựa chọn chế độ lái Audi. | Hệ thống giảm xóc năng động. | | - Xe cam kết không đâm đụng, không ngập nước, bao check hãng toàn quốc. | - Hỗ trợ sang tên đổi chủ, thủ tục giấy tờ pháp lý rõ ràng. | - Chế độ bảo hành hậu mãi, chăm sóc xe miễn phí sau khi mua xe | | Liên hệ để biết thêm thông tin xe | | | |",https://bonbanh.com/xe-audi-q5-sline-45-tfsi-quattro-2022-6434954,SUV,Đen
6435471,Audi,Q5,Audi Q5 Sportback Sline 45 TFSI Quattro 2021,1689,1 Tỷ 689 Triệu,2021,Xe đã dùng,35000.0,Nhập khẩu,Xăng 2.0 L,Số tự động,Xanh,5 chỗ,5 cửa,AWD - 4 bánh toàn thời gian,Hà Nội,Boss Car,0983 153 398,68 Lê Văn Lương Hà Nội,bosscar.bonbanh.com,"| | Audi Q5 S-Line siêu mới , Sx: 2021 - đăng kí lần đầu : 2022 . Màu Xanh rêu / nội thất ghi xám cực đẹp , Odo; 3v5 km | 1 chủ mua từ mới, bảo dưỡng full lịch sử hãng, chạy cực phê | | | - Xe cam kết không đâm đụng, không ngập nước, bao check hãng toàn quốc. | - Hỗ trợ sang tên đổi chủ, thủ tục giấy tờ pháp lý rõ ràng. | - Chế độ bảo hành hậu mãi, chăm sóc xe miễn phí sau khi mua xe | | Liên hệ để biết thêm thông tin xe | | | |",https://bonbanh.com/xe-audi-q5-sportback-sline-45-tfsi-quattro-2021-6435471,SUV,Xám
6635111,Audi,Q5,Audi Q5 45 TFSI Quattro 2021,1680,1 Tỷ 680 Triệu,2021,Xe đã dùng,10000.0,Nhập khẩu,Xăng 2.0 L,Số tự động,Trắng,5 chỗ,5 cửa,AWD - 4 bánh toàn thời gian,Hà Nội,Auto Chốt,0856 616 666,"3 Căn VILLA 05 - 06 - 07 Lô C1 Khu đô thị Yên Hòa, Phường Yên Hòa, Quận Cầu Giấy ( Cạnh Công Viên Yên Hoà ) Hà Nội",autochot.bonbanh.com,"| | AUTO CHỐT HÀ NỘI MỞ BÁN | | Nhập Team Nguyên Xe Mộc Audi Q5 45 TFSI Quattro sx 2021 xe chạy hơn 1vạnkm mới nhất Việt Nam zin 100% cả sơn .Xe Cam kết xe Zin không lỗi.Xe đẹp xuất sắc. | | | Hỗ trợ trả góp lên tới 70% trị xe, khách bị nợ sấu hỗ trợ trả góp 50% giá trị xe. | | ACE kết nối có khách bán cùng Giá bán linh động miễn sao vào việc khách CHỐT được xe. | | | |",https://bonbanh.com/xe-audi-q5-45-tfsi-quattro-2021-6635111,SUV,Đen
6564044,Audi,Q5,Audi Q5 45 TFSI Quattro 2025,2079,2 Tỷ 79 Triệu,2025,Xe đã dùng,7000.0,Nhập khẩu,Hybrid 2.0 L,Số tự động,Xanh,5 chỗ,5 cửa,AWD - 4 bánh toàn thời gian,Hà Nội,Minh Long Auto,0921 619 999,"199 Nguyễn Xiển, Thanh Xuân Hà Nội",minhlongauto.bonbanh.com,"| | Audi Q5 Sline sản xuất 2025 đã đi 7000Km. Trang bị: động cơ xăng 2.0L tăng áp, kết hợp hệ thống mild hybrid, hộp số tự động 7 cấp S tronic và hệ dẫn động bốn bánh quattro. Xe sở hữu các tiện nghi như màn hình giải trí 10,1 inch, màn hình đồng hồ kỹ thuật số 12,3 inch (tùy phiên bản), hệ thống điều hòa tự động 3 vùng, và các tính năng an toàn như camera 360 độ, hỗ trợ đỗ xe tự động, và kiểm soát hành trình thích ứng... | | - Xe cam kết không đâm đụng, không ngập nước, bao check hãng toàn quốc. | - Hỗ trợ sang tên đổi chủ, thủ tục giấy tờ pháp lý rõ ràng. | - Chế độ bảo hành hậu mãi, chăm sóc xe miễn phí sau khi mua xe | | Liên hệ để biết thêm thông tin xe | | | |",https://bonbanh.com/xe-audi-q5-45-tfsi-quattro-2025-6564044,SUV,Đen
6420854,Audi,Q5,Audi Q5 2.0 AT 2017,950,950 Triệu,2017,Xe đã dùng,110000.0,Nhập khẩu,Xăng 2.0 L,Số tự động,Trắng,5 chỗ,5 cửa,AWD - 4 bánh toàn thời gian,Hà Nội,Salon Ô tô Hà Nội 1,0968 680 977,"Số 1B Nguyễn Văn Huyên, Cầu Giấy Hà Nội",otohanoi1.bonbanh.com,"| | Audi Q5 Sport TFSI Quattro sản xuất 2017 đăng ký lần đầu 2018 form mới 2018 | Màu trắng – Nội thất đen nguyên bản. | Trang bị option cao cấp: | • Hệ thống Quattro AWD danh tiếng | • Đèn LED ma trận thông minh | • Ghế da cao cấp chỉnh điện, nhớ vị trí | • Màn hình giải trí trung tâm + kết nối Apple CarPlay / Bluetooth | • Cảm biến trước sau + Camera lùi | • Điều hòa tự động 3 vùng | • Hệ thống âm thanh Audi cao cấp | • Gương chống chói, Cruise Control, phanh tay điện tử | • Chế độ lái đa dạng (Drive Select) | | Cam kết về chất lượng xe: | - Máy móc động cơ nguyên bản. Không lỗi điện, máy móc hoạt động hoàn hảo. | - Không đâm đụng tai nạn ảnh hưởng tới khung gầm sắt xi. | - Pháp lý rõ ràng, không phạt nguội, không tranh chấp | | | |",https://bonbanh.com/xe-audi-q5-2.0-at-2017-6420854,SUV,Đen
6435422,Audi,Q5,Audi Q5 Sportback Sline 45 TFSI Quattro 2021,1678,1 Tỷ 678 Triệu,2021,Xe đã dùng,30000.0,Nhập khẩu,Xăng 2.0 L,Số tự động,Xanh,5 chỗ,5 cửa,AWD - 4 bánh toàn thời gian,Hà Nội,Auto Chốt,0856 616 666,"3 Căn VILLA 05 - 06 - 07 Lô C1 Khu đô thị Yên Hòa, Phường Yên Hòa, Quận Cầu Giấy ( Cạnh Công Viên Yên Hoà ) Hà Nội",autochot.bonbanh.com,"| | AUTO CHỐT HÀ NỘI MỞ BÁN | | Nhập Team Nguyên Xe Mộc Audi Q5 Sportback Sline 45 TFSI Quattro Sx: 2021 đăng kí lần đầu 2022 Màu Xanh / nội thất ghi xám cực đẹp 1 chủ từ đầu chạy hơn 3vạnkm bảo dưỡng full lịch sử hãng cực mới...xe đẹp tuyệt đối | | Hỗ trợ trả góp lên tới 70% trị xe, khách bị nợ sấu hỗ trợ trả góp 50% giá trị xe. | | ACE kết nối có khách bán cùng Giá bán linh động miễn sao vào việc khách CHỐT được xe. | | | |",https://bonbanh.com/xe-audi-q5-sportback-sline-45-tfsi-quattro-2021-6435422,SUV,Xám
6688204,Audi,Q5,Audi Q5 2.0 AT 2014,555,555 Triệu,2014,Xe đã dùng,130000.0,Nhập khẩu,Xăng 2.0 L,Số tự động,Xanh,5 chỗ,5 cửa,AWD - 4 bánh toàn thời gian,Hà Nội,Ngọc Anh,0961 865 865,Số 06 K,,"| | Audi Q5 2.0AT – SX 2014 | 1 chủ mua từ mới, odo 13 vạn km – xe giữ gìn kỹ | Zin nguyên bản, vận hành êm ái – hình thức còn rất đẹp | | Cam kết: | ✓ Xe zin 100%, không đâm va | ✓ Không ngập nước | ✓ Hồ sơ pháp lý rõ ràng – sang tên nhanh | | Xe đẹp xuất sắc, xem xe là ưng ngay! | | | |",https://bonbanh.com/xe-audi-q5-2.0-at-2014-6688204,SUV,Đen
6251519,Audi,Q5,Audi Q5 2.0 AT 2018,1299,1 Tỷ 299 Triệu,2018,Xe đã dùng,40000.0,Nhập khẩu,Xăng 2.0 L,Số tự động,Trắng,5 chỗ,5 cửa,AWD - 4 bánh toàn thời gian,Hà Nội,Auto Chốt,0856 616 666,"3 Căn VILLA 05 - 06 - 07 Lô C1 Khu đô thị Yên Hòa, Phường Yên Hòa, Quận Cầu Giấy ( Cạnh Công Viên Yên Hoà ) Hà Nội",autochot.bonbanh.com,"| | AUTO CHỐT HÀ NỘI MỞ BÁN | | Nhập Team Nguyên Xe Mộc Audi Q5 Quattro 2.0 Sx 2018 xe chạy 4vạnmiles Bảo dưỡng đầy đủ, phủ ceramic sạch sẽ tinh tươm ....Đẹp từ trong ra ngoài ACE TỰ TIN CỌC ONLINE . | | Hỗ trợ trả góp lên tới 70% giá trị xe, khách bị nợ sấu hỗ trợ trả góp 50% giá trị xe. | | ACE kết nối có khách bán cùng Giá bán linh động miễn sao vào việc khách CHỐT được xe. | | | |",https://bonbanh.com/xe-audi-q5-2.0-at-2018-6251519,SUV,Đen
6638130,Audi,Q5,Audi Q5 Sline 45 TFSI Quattro 2022,1580,1 Tỷ 580 Triệu,2022,Xe đã dùng,36000.0,Nhập khẩu,Xăng 2.0 L,Số tự động,Trắng,5 chỗ,5 cửa,AWD - 4 bánh toàn thời gian,TP HCM,Salon Auto Minh Luân,0906 646 464,"812A Quang Trung, P.8, Q.Gò Vấp TP HCM",autominhluan.bonbanh.com,"| | Audi Q5 Sline 45TFSI Quattro Model 2022, đăng ký mua mới một chủ 6/2022. | - Lăn bánh được 36.000 km, bảo dưỡng chính hãng đầy đủ lịch sử. Dán keo ppf nguyên xe. | - Body Sline,mâm 19 ""(bản đặc biệt nhiều options) | - Ghế Sline,Da Alcantara , cửa hích, trần sao, camera hành trình. | - HUD, Tự de, loa B&O, màn hình Audi Vitual Cockpit, Apple carplay, Đèn Ambient light, Matrix Led, Cốp điện,..... | _. | Auto Minh Luân cam kết: | - Đảm bảo không tai nạn ngập nước, | - Máy móc nguyên zin, | - Tình trạng xe còn rất mới 90/100. | _. | - Hỗ trợ khách hàng làm thủ tục vay trả góp ngân hàng lãi suất thấp. | - Quý khách quan tâm vui lòng liên hệ MINH LUAN AUTO để biết thêm thông tin chi tiết. | | | |",https://bonbanh.com/xe-audi-q5-sline-45-tfsi-quattro-2022-6638130,SUV,Nâu
6640782,Audi,Q5,Audi Q5 2.0 AT 2018,1199,1 Tỷ 199 Triệu,2018,Xe đã dùng,65000.0,Nhập khẩu,Xăng 2.0 L,Số tự động,Trắng,5 chỗ,5 cửa,AWD - 4 bánh toàn thời gian,Hà Nội,T - Luxury Car,0949 367 777,"126, Khuất Duy Tiến, P. Nhân Chính, Q. Thanh Xuân Hà Nội",t-luxurycar.bonbanh.com,"| | Xe chính chủ đã rút hồ sơ. Xe đi cực ít mỗi năm chỉ đi hơn 8000km. Xe đã thay thế hết các chi tiết hao mòn. Check test xe thoải mái | Cam kết không đâm đụng, ngập nước, tua Odo | Xe đang ở Hà Nội, xem xe tại 126 Khuất Duy Tiến | | | |",https://bonbanh.com/xe-audi-q5-2.0-at-2018-6640782,SUV,Đen
6477134,Audi,Q5,Audi Q5 45 TFSI Quattro 2021,1555,1 Tỷ 555 Triệu,2021,Xe đã dùng,38000.0,Nhập khẩu,Xăng 2.0 L,Số tự động,Xanh,5 chỗ,5 cửa,AWD - 4 bánh toàn thời gian,Hà Nội,Minh Long Auto,0921 619 999,"199 Nguyễn Xiển, Thanh Xuân Hà Nội",minhlongauto.bonbanh.com,"| | Audi Q5 sx 2021 | 3V8 Km zin | -Options: Động cơ 2.0l, hộp số 7 cấp, ghế da phối nỉ cao cấp chỉnh điện đa hướng, loa cao cấp, đèn pha matrix led thông minh, màn hình giải trí, điều hòa đa vùng, cam 360, nội thất bọc da ốp gỗ cao cấp ... | | - Xe cam kết không đâm đụng, không ngập nước, bao check hãng toàn quốc. | - Hỗ trợ sang tên đổi chủ, thủ tục giấy tờ pháp lý rõ ràng. | - Chế độ bảo hành hậu mãi, chăm sóc xe miễn phí sau khi mua xe | | Liên hệ để biết thêm thông tin xe | | | |",https://bonbanh.com/xe-audi-q5-45-tfsi-quattro-2021-6477134,SUV,Đen
6635088,Audi,Q5,Audi Q5 Sportback Sline 45 TFSI Quattro 2021,1666,1 Tỷ 666 Triệu,2021,Xe đã dùng,9999.0,Nhập khẩu,Xăng 2.0 L,Số tự động,Trắng,5 chỗ,5 cửa,AWD - 4 bánh toàn thời gian,Hà Nội,Nguyễn Thường,0876 566 666,"Số 166 Khuất Duy Tiến, Thanh Xuân Hà Nội Xem gian hàng ⇨",,"| | Audi Q5 sx 2021, đi chuẩn 1,6 vạn km, xe ko 1 lỗi nhỏ | Hỗ trợ bank 70%, hỗ trợ biển đẹp định danh | Bao sang tên luôn cho Khách | | | |",https://bonbanh.com/xe-audi-q5-sportback-sline-45-tfsi-quattro-2021-6635088,SUV,Ghi
6427658,Audi,Q5,Audi Q5 Sline 45 TFSI Quattro 2024,2199,2 Tỷ 199 Triệu,2024,Xe mới,,Nhập khẩu,Xăng 2.0 L,Số tự động,Xanh,5 chỗ,5 cửa,AWD - 4 bánh toàn thời gian,Hà Nội,Audi Miền Bắc,0989 731 688,Số 8 Đường Phạm Hùng - Phường Mễ Trì - Quận Nam Từ Liêm Hà Nội,audimienbac.bonbanh.com,"| | Audi Miền Bắc mới về Audi Q5 Sportback | | Trang bị: động cơ xăng 2.0L tăng áp, kết hợp hệ thống mild hybrid 12V, hộp số tự động 7 cấp S tronic và hệ dẫn động bốn bánh quattro. Xe sở hữu các tiện nghi như màn hình giải trí 10,1 inch, màn hình đồng hồ kỹ thuật số 12,3 inch (tùy phiên bản), hệ thống điều hòa tự động 3 vùng, và các tính năng an toàn như camera 360 độ, hỗ trợ đỗ xe tự động, và kiểm soát hành trình thích ứng | | Liên hệ ngay Audi Miền Bắc để biết thêm thông tin xe cũng như chương trình ưu đãi tháng này! | | | |",https://bonbanh.com/xe-audi-q5-sline-45-tfsi-quattro-2024-6427658,SUV,-
6581848,Audi,Q5,Audi Q5 Sline 45 TFSI Quattro 2024,1890,1 Tỷ 890 Triệu,2024,Xe đã dùng,0.0,Nhập khẩu,Xăng 2.0 L,Số tự động,Xanh,5 chỗ,5 cửa,AWD - 4 bánh toàn thời gian,Hà Nội,Sàn Ô tô Thủ Đô,0989 980 380,"26 Xuân Tảo - Nghĩa Đô, Cầu Giấy Hà Nội",sanotothudo.bonbanh.com,"| | Audi Q5 Sline 45TFSI Quattro sx 2024 đk 2025 chạy 2vkm | *Body Sline,mâm 19 "" | *Ghế Sline,Da Alcantara | *HUD,Tự de,loa B&O,màng Hình Audi Vitual Cockpit,Apple carplay,Đèn Ambient light,Matrix Led,Cốp điện,... | | | |",https://bonbanh.com/xe-audi-q5-sline-45-tfsi-quattro-2024-6581848,SUV,Đen
5865544,Audi,Q5,Audi Q5 Sportback Sline 45 TFSI Quattro 2025,2420,2 Tỷ 420 Triệu,2025,Xe mới,,Nhập khẩu,Xăng 2.0 L,Số tự động,Xanh,5 chỗ,5 cửa,AWD - 4 bánh toàn thời gian,Hà Nội,Audi Miền Bắc,0989 731 688,Số 8 Đường Phạm Hùng - Phường Mễ Trì - Quận Nam Từ Liêm Hà Nội,audimienbac.bonbanh.com,"| | ƯU ĐÃI LÊN ĐẾN 319 TRỆU ĐỒNG khi sở hữu Audi Q5 2025 | | Audi Miền Bắc mới về Audi Q5 Sportback 2025 | | Điểm nhấn đầu xe là cụm lưới tản nhiệt họa tiết tổ ong mới, đèn chiếu sáng LED Matrix với họa tiết đẹp mắt. Ngoài ra, xe còn có ngoại thất màu xanh Ultra giống mẫu sedan A8L đầu bảng của hãng. Cuối cùng, Audi Q5 Sportback 2024 trang bị bộ mâm 19 inch 5 chấu kép màu bạc đi kèm bộ mâm 235/55 R19. | | Liên hệ ngay Audi Miền Bắc để biết thêm thông tin xe cũng như chương trình ưu đãi tháng này! | | | |",https://bonbanh.com/xe-audi-q5-sportback-sline-45-tfsi-quattro-2025-5865544,SUV,Đen
6484759,Audi,Q5,Audi Q5 Sline 45 TFSI Quattro 2022,1699,1 Tỷ 699 Triệu,2022,Xe đã dùng,41600.0,Nhập khẩu,Xăng 2.0 L,Số tự động,Đen,5 chỗ,5 cửa,AWD - 4 bánh toàn thời gian,Hà Nội,Hùng Lâm Kho Xe Lướt,0986 681 268,"Số 16, Phố Hoàng Minh Đạo, P. Bồ Đề, Q. Long Biên Hà Nội",khoxeluot.bonbanh.com,"| | AUDI Q5 S-LINE 45 TFSI QUATTRO 2023 | ✓ Đăng ký lần đầu 12/2023, sản xuất 2022. | ✓ Lăn bánh đầu năm 2024. | ✓ Ngoại thất Đen/ nội thất Đen. | ✓ Nhập khẩu nguyên chiếc. | ✓ Trang bị thêm cảm biến áp suất lốp. | ✓ Cần số pha lê. | ✓ Odo 26.000 Miles. | | Bản Q5 TFSI QUATTRO đèn Matrix Led trứ danh, trang bị động cơ dung tích 2.0L tăng áp 4 xi lanh thẳng hàng phun xăng trực tiếp và công nghệ Audi Valvelift System, cho công suất tối đa 252 mã lực từ 5.000 - 6.000 vòng/phút, và mô-men xoắn cực đại 370Nm từ 1.600 - 4.500 vòng/phút. | | Hộp số tự động 7 cấp S-tronic và hệ thống truyền động bốn bánh toàn thời gian quattro giúp xe có khả năng tăng tốc từ 0 - 100 km/h trong 6,3 giây và tốc độ tối đa giới hạn ở 237 km/h. | | ⚙️ Tính năng hỗ trợ vận hành như: | Hệ thống lái trợ lực cơ điện. | Tái tạo năng lượng từ phanh. | Phanh tay cơ điện. | Hệ thống lựa chọn chế độ lái Audi. | Hệ thống giảm xóc năng động. | Hệ thống giải trí đa phương tiện MMI radio plus, điều khiển bằng giọng nói, kết nối iPod, AUX, USB và Bluetooth. | Hệ thống âm thanh Bang & Olufsen 16 kênh với 19 loa cho công suất lên đến 755W. | Điều hòa không khí tự động 3 vùng độc lập, với cửa gió cho hàng ghế sau cùng khả năng làm mát còn được tăng cường với kính chắn gió cách âm, cách nhiệt và màn che nắng cho hai cửa bên phía sau. | Hệ thống Start-stop với chìa khoá thông minh Smartkey. | Gương chiếu hậu bên trong trang viền và chống chói tự động. | | ⚙️ Hệ thống an toàn hiện đại: | Camera 360 độ. | Hệ thống đỗ xe plus với hiển thị trực quan âm thanh và hình ảnh. | Hệ thống túi khí tiêu chuẩn trước và sau. | Bánh xe dự phòng tiết kiệm diện tích. | Hệ thống chống bó cứng phanh ABS. | Hệ thống phân bổ lực phanh điện tử EBD. | Hỗ trợ lực phanh khẩn cấp BAS. | Hệ thống cân bằng điện tử ESP. | Hệ thống cảnh báo chống trộm. | | | |",https://bonbanh.com/xe-audi-q5-sline-45-tfsi-quattro-2022-6484759,SUV,Đen
6654739,Audi,Q5,Audi Q5 2.0 AT 2017,965,965 Triệu,2017,Xe đã dùng,63000.0,Nhập khẩu,Xăng 2.0 L,Số tự động,Trắng,5 chỗ,5 cửa,AWD - 4 bánh toàn thời gian,Hà Nội,Auto Vượng Phương,0932 835 678,Số 2 Trần Hữu Dực - Mỹ Đình Hà Nội,autovuongphuong.bonbanh.com,"| | - Bán xe Audi Q5 2.0AT Bản Spotr nhập khẩu Mexico sản xuất 2017 tên cá nhân biển hà nội sử dụng, xe gia đình đi ít bảo dưỡng định kỳ nên xe còn cực mới, cam kết xe zin nguyên bản từ đầu ko đâm đụng, ko va quyệt, máy zin nguyên bản ko ra máy ko thuỷ kích hay ngập nước, bao check tes thoả mái trc khi mua bán... | - Xe trang bị full option : Như hai ghế điện, nội thất da bò nguyên bản cực mới, đề nổ, gương đèn auto, màn hình cam lùi, tích hợp vô lăng và còn cực nhiều tính năng an toàn khác theo xe... | - Hỗ trợ vay vốn 60% giá trị xe ! | | | |",https://bonbanh.com/xe-audi-q5-2.0-at-2017-6654739,SUV,Nâu
6469704,Audi,Q7,Audi Q7 45 TFSI Quattro 2025,3340,3 Tỷ 340 Triệu,2025,Xe mới,,Nhập khẩu,Xăng 2.0 L,Số tự động,Trắng,7 chỗ,5 cửa,AWD - 4 bánh toàn thời gian,Hà Nội,Nguyễn Đức Hưng,0981 738 233,"Số 8 Đường Phạm Hùng, Phường Yên Hòa Hà Nội Xem gian hàng ⇨",,"| | Audi Q7 45TFSI Quattro Plus | | Phiên bản chưa từng xuất hiện tại Việt Nam | Xe nhập khẩu nguyên chiếc mới 100% | Nhiều trang bị option | Mâm 20 inch,Loa B&O ,Apple carplay không dây ,cửa hít,cốp tự động,đèn Matrix LED,Đèn logo Audi ,ghế xếp điện,Đèn nội thất 30 màu,…… | Nhiều màu giao sớm nhất. | Giao xe tận nơi miễn phí,quà tặng theo xe. | Cam kết Giá lăn bánh tốt nhất có thể. | Hãy liên hệ để có thông tin chi tiết về xe và chương trình ưu đãi. | | | |",https://bonbanh.com/xe-audi-q7-45-tfsi-quattro-2025-6469704,SUV,Đen
5865554,Audi,Q7,Audi Q7 45 TFSI Quattro S Line 2025,3999,3 Tỷ 999 Triệu,2025,Xe mới,,Nhập khẩu,Xăng 2.0 L,Số tự động,Xanh,7 chỗ,5 cửa,AWD - 4 bánh toàn thời gian,Hà Nội,Audi Miền Bắc,0989 731 688,Số 8 Đường Phạm Hùng - Phường Mễ Trì - Quận Nam Từ Liêm Hà Nội,audimienbac.bonbanh.com,"| | ƯU ĐÃI HẤP DẪN khi sở hữu Audi Q7 2026 | | Audi Miền Bắc mới về Audi Q7 Sline 2026 mới nhất | | Trang bị dàn: camera 360 độ, hiển thị thông tin lên kính lái HUD, gói an toàn chủ động Audi Pre-sense Basic có hỗ trợ phanh ngừa va chạm, vô-lăng thiết kế D-Cut, cảnh báo lệch làn đường âm thanh 3D cao cấp gồm 19 loa đến từ thương hiệu Bang & Olufsen, đồng hồ hiển thị sử dụng màn hình kỹ thuật số hoàn toàn với màn hình 12,3 inch... | | Liên hệ ngay Audi Miền Bắc để biết thêm thông tin xe cũng như chương trình ưu đãi tháng này! | | | |",https://bonbanh.com/xe-audi-q7-45-tfsi-quattro-s-line-2025-5865554,SUV,Đen
5817931,Audi,Q7,Audi Q7 45 TFSI Quattro S Line 2024,3790,3 Tỷ 790 Triệu,2024,Xe mới,,Nhập khẩu,Xăng 2.0 L,Số tự động,Đen,7 chỗ,5 cửa,AWD - 4 bánh toàn thời gian,TP HCM,Audi Tân Bình,0913 472 233,"Lô IV-22 Khu công nghiệp Tân Bình, đường Tây Thạnh, quận Tân Phú TP HCM",auditanbinh.bonbanh.com,"| | Audi Q7 Sline 45TFSI Black Edition | Sx 2024 mới 100% | Phiên bản chưa từng xuất hiện tại Việt Nam | Xe nhập khẩu nguyên chiếc mới 100% | Nhiều trang bị option | Body S-line, mâm S-line 20 inch,Loa B&O ,Apple carplay không dây,sạc không dây,Ghế da S-line ,cửa hít,cốp tự động,đèn matrix ,Camera 3D 360,HUD,Đèn logo Audi ,ghê xếp điện,Đèn nội thất 30 màu,…… | Lô xe đầu tiên giao sớm nhất. | Bảo hành chính hãng 3 năm không giới hạn Km. | | | |",https://bonbanh.com/xe-audi-q7-45-tfsi-quattro-s-line-2024-5817931,SUV,Đen
6527962,Audi,Q7,Audi Q7 45 TFSI Quattro 2023,2879,2 Tỷ 879 Triệu,2023,Xe đã dùng,32000.0,Nhập khẩu,Xăng 2.0 L,Số tự động,Đen,7 chỗ,5 cửa,AWD - 4 bánh toàn thời gian,Hà Nội,Auto Chốt,0856 616 666,"3 Căn VILLA 05 - 06 - 07 Lô C1 Khu đô thị Yên Hòa, Phường Yên Hòa, Quận Cầu Giấy ( Cạnh Công Viên Yên Hoà ) Hà Nội",autochot.bonbanh.com,"| | AUTO CHỐT HÀ NỘI MỞ BÁN | | Nhập Team Nguyên Xe Mộc Audi Q7 45 TFSI Quattro 2.0 sản xuất 2023 xe chạy 2vạn miles xe đẹp không lỗi nhỏ | | Hỗ trợ trả góp lên tới 70% trị xe, khách bị nợ sấu hỗ trợ trả góp 50% giá trị xe. | | ACE kết nối có khách bán cùng Giá bán linh động miễn sao vào việc khách CHỐT được xe. | | | |",https://bonbanh.com/xe-audi-q7-45-tfsi-quattro-2023-6527962,SUV,Nâu
6486328,Audi,Q7,Audi Q7 45 TFSI Quattro S Line 2025,3790,3 Tỷ 790 Triệu,2025,Xe mới,,Nhập khẩu,Xăng 2.0 L,Số tự động,Đỏ,7 chỗ,5 cửa,AWD - 4 bánh toàn thời gian,Hà Nội,Nguyễn Đức Hưng,0981 738 233,"Số 8 Đường Phạm Hùng, Phường Yên Hòa Hà Nội Xem gian hàng ⇨",,"| | Audi Q7 45 TFSI Quattro Sline 2025 | | Trang bị: Camera 360 độ, hiển thị thông tin lên kính lái HUD, gói an toàn chủ động Audi Pre-sense Basic có hỗ trợ phanh ngừa va chạm, vô-lăng thiết kế D-Cut, cảnh báo lệch làn, âm thanh 3D cao cấp gồm 19 loa đến từ thương hiệu Bang & Olufsen, đồng hồ hiển thị sử dụng màn hình kỹ thuật số hoàn toàn với màn hình 12,3 inch... | | Hãy liên hệ ngay để biết thông chi tiết về xe và chương trình ưu đãi. | | | |",https://bonbanh.com/xe-audi-q7-45-tfsi-quattro-s-line-2025-6486328,SUV,Đen
6632973,Audi,Q7,Audi Q7 3.6 AT 2007,295,295 Triệu,2007,Xe đã dùng,0.0,Nhập khẩu,Xăng 3.6 L,Số tự động,Bạc,7 chỗ,5 cửa,AWD - 4 bánh toàn thời gian,Hải Phòng,Ôtô Tú Thủy,0914 666 989,"650 Nguyễn Văn Linh, Lê Chân Hải Phòng",ototuthuy.bonbanh.com,| | hàng sưu tầm audi Q7 3.6 sx 07 dky 09 một chủ từ mới quá mới xe bảo dưỡng kỹ zin 100% đã lên nội thất da bò mâm lốp 20 inh | Quý khách vui lòng liên hệ xem xe để biết thêm thông tin chi tiết! | | | |,https://bonbanh.com/xe-audi-q7-3.6-at-2007-6632973,SUV,Nâu
6608716,Audi,Q7,Audi Q7 2.0 AT 2017,1389,1 Tỷ 389 Triệu,2017,Xe đã dùng,98000.0,Nhập khẩu,Xăng 2.0 L,Số tự động,Đen,7 chỗ,5 cửa,AWD - 4 bánh toàn thời gian,Hà Nội,Auto HHDC - Vũ Trụ Xe Sang,0948 889 090,"Mr Dũng - 106 Nguyễn Khánh Toàn, Cầu Giấy Hà Nội",autohhdc.bonbanh.com,"| | Chào bán AUDI Q7 sản xuất 2017 bản đặc biệt APEC giới hạn 79chiếc, lăn bánh 100.000km, đã kiểm tra chất lượng tại chính hãng. | | Xe được trang bị nhiều option cao cấp như: dẫn động 4 bánh toàn thời gian Quattro, ghế da chỉnh điện 10 hướng, 5 chế độ lái, đèn pha Matrix led, màn hỉnh trung tâm, nội thất da sang trọng, cốp điện, 4 vùng điều hòa độc lập, loa Bose, HUD (hắt kính lái),... | | Tặng ngay gói chăm sóc xe và phủ Ceramic cao cấp của #HHDC_CARE. | | HHDC Auto cam kết sản phẩm bán ra với các tiêu trí: | - Xe không đâm đụng tai nạn. | - Xe không ngập nước thuỷ kích. | - Động cơ, hộp số nguyên bản. | - Ki lô mét nguyên bản theo xe. | - Hồ sơ pháp lý minh bạch. | | Vận chuyển toàn quốc. | Ngân hàng hỗ trợ 70% trên toàn quốc. | Giá chào bán tại HHDC Auto đang rất tốt. | (Liên hệ để nhận video giới thiệu chi tiết) | | | |",https://bonbanh.com/xe-audi-q7-2.0-at-2017-6608716,SUV,Đen
6682952,Audi,Q7,Audi Q7 2.0 AT 2016,1050,1 Tỷ 50 Triệu,2016,Xe đã dùng,150000.0,Nhập khẩu,Xăng 2.0 L,Số tự động,Trắng,7 chỗ,5 cửa,AWD - 4 bánh toàn thời gian,Hà Nội,Auto Car Center,0976 860 594,Số 9 Nguyễn Văn Cừ - Long Biên Hà Nội,carcenter.bonbanh.com,"| | Audi Q7 2.0 TFSI sản xuất 2016 | - Odo: 150,000 km. | - Màu ngoại thất Trắng, nội thất màu Đen. | - Cam kết bằng văn bản xe không đâm đụng, không ngập nước, máy số nguyên bản. | - Có hỗ trợ trả góp ngân hàng. | - Giá xe còn thương lượng, quý khách thiện chí xin liên hệ. | —————————— | Thương hiệu xe lướt CarCenter uy tín tại Việt Nam! | | | |",https://bonbanh.com/xe-audi-q7-2.0-at-2016-6682952,SUV,Đen
6648030,Audi,Q7,Audi Q7 4.2 AT 2009,336,336 Triệu,2009,Xe đã dùng,91000.0,Nhập khẩu,Xăng 4.2 L,Số tự động,Trắng,7 chỗ,5 cửa,AWD - 4 bánh toàn thời gian,TP HCM,Phương,0949 483 131,Quận 12 TP HCM,,"| | Gd cần bán chiếc Audi Q7 2009 màu trăng, odo 9v km, xe nhập khẩu Đức, phiên bản 4.2 Quattro dẫn động 4 bánh cho khả năng vận hành êm ái, chắc chắn, nội thất 07 chổ rộng rãi tiện nghi sang trọng, đề start/stop, ghế chỉnh điện, camera 360/cảm biến, điều hòa auto, màn hình navi/loa bose, cốp điện, nâng hạ gầm,... Xe đứng tên cá nhân, tình trạng xe hoàn hảo, nhu cầu đổi xe bán lại | | | |",https://bonbanh.com/xe-audi-q7-4.2-at-2009-6648030,SUV,Ghi
5821061,Audi,Q7,Audi Q7 55 TFSI Quattro 2021,2480,2 Tỷ 480 Triệu,2021,Xe đã dùng,28000.0,Nhập khẩu,Xăng 3.0 L,Số tự động,Trắng,7 chỗ,5 cửa,AWD - 4 bánh toàn thời gian,Hà Nội,Mr Hướng,0981 118 311,269 Phạm Văn Đồng Hà Nội Xem gian hàng ⇨,,| | Audi Q7 model 2021 | 3.0 option | Loa bose | Đá cốp | Cam 360 | Led matric | Và nhiều option khác | Lh xem xe | | | |,https://bonbanh.com/xe-audi-q7-55-tfsi-quattro-2021-5821061,SUV,Đen
6653102,Audi,Q7,Audi Q7 45 TFSI Quattro S Line 2024,3390,3 Tỷ 390 Triệu,2024,Xe đã dùng,15000.0,Nhập khẩu,Xăng 2.0 L,Số tự động,Bạc,7 chỗ,5 cửa,AWD - 4 bánh toàn thời gian,Hà Nội,Toyota Hà Đông - Trung tâm xe đã qua sử dụng,0945 831 993,"Số 977 - 979 đường Quang Trung, Yên Nghĩa, Hà Đông Hà Nội",toyotahadong-usedcar.bonbanh.com,"| | Audi Q7 Sline. Sx 2024. Đăng ký 2025. 1 chủ từ mới. 1,5 vạn km. | Xe dán PPF quanh xe. | Vô lăng D-cut. Ghế Sline, taplo mạ bạc... | | | |",https://bonbanh.com/xe-audi-q7-45-tfsi-quattro-s-line-2024-6653102,SUV,Đen
6528060,Audi,Q7,Audi Q7 45 TFSI Quattro 2023,2879,2 Tỷ 879 Triệu,2023,Xe đã dùng,32186.0,Nhập khẩu,Xăng 2.0 L,Số tự động,Đen,7 chỗ,5 cửa,AWD - 4 bánh toàn thời gian,Hà Nội,Trương Văn Phong,0826 997 666,Số 2 Hạ Yên Quyết - Cầu Giấy Hà Nội Xem gian hàng ⇨,,"| | Nhập Team Nguyên Xe Mộc Audi Q7 45 TFSI Quattro 2.0 sản xuất 2023 xe chạy 2 vạn miles xe đẹp không lỗi nhỏ | | Hỗ trợ trả góp lên tới 70% trị xe, khách bị nợ sấu hỗ trợ trả góp 50% giá trị xe. | | ACE kết nối có khách bán cùng Giá bán linh động miễn sao vào việc khách CHỐT được xe. | | | |",https://bonbanh.com/xe-audi-q7-45-tfsi-quattro-2023-6528060,SUV,Nâu
5881185,Audi,Q7,Audi Q7 45 TFSI Quattro S Line 2024,3790,3 Tỷ 790 Triệu,2024,Xe mới,,Nhập khẩu,Xăng 2.0 L,Số tự động,Đỏ,7 chỗ,5 cửa,AWD - 4 bánh toàn thời gian,TP HCM,Audi Hồ Chí Minh,0918 966 669,"6b, Tôn Đức Thắng, P. Bến Nghé, Quận 1 TP HCM",audihochiminh.bonbanh.com,"| | Audi Q7 Sline 45TFSI Black Edition | Sx 2024 mới 100% | Phiên bản chưa từng xuất hiện tại Việt Nam | Xe nhập khẩu nguyên chiếc mới 100% | Nhiều trang bị option | Body S-line, mâm S-line 20 inch,Loa B&O ,Apple carplay không dây,sạc không dây,Ghế da S-line ,cửa hít,cốp tự động,đèn matrix ,Camera 3D 360,HUD,Đèn logo Audi ,ghê xếp điện,Đèn nội thất 30 màu,…… | Nhiều màu giao ngay,nhiều khuyến mãi phụ kiện theo xe. | Giao xe miễn phí trên toàn quốc bằng xe chuyên dụng. | Thủ tục đăng ký nhanh gọn,biển đấu giá,định danh. | Cam kết giá lăn bánh tốt nhất có thể. | Bảo hành chính hãng 3 năm không giới hạn Km. | | | |",https://bonbanh.com/xe-audi-q7-45-tfsi-quattro-s-line-2024-5881185,SUV,Đen
5881111,Audi,Q7,Audi Q7 45 TFSI Quattro 2024,3340,3 Tỷ 340 Triệu,2024,Xe mới,,Nhập khẩu,Xăng 2.0 L,Số tự động,Ghi,7 chỗ,5 cửa,AWD - 4 bánh toàn thời gian,TP HCM,Audi Tân Bình,0913 472 233,"Lô IV-22 Khu công nghiệp Tân Bình, đường Tây Thạnh, quận Tân Phú TP HCM",auditanbinh.bonbanh.com,"| | Audi Q7 45TFSI Plus | Sx 2024 mới 100% | Phiên bản chưa từng xuất hiện tại Việt Nam | Xe nhập khẩu nguyên chiếc mới 100% | Nhiều trang bị option | Mâm 20 inch,Loa B&O ,Apple carplay không dây ,cửa hít,cốp tự động,đèn Matrix LED,Đèn logo Audi ,ghế xếp điện,rèm che nắng,Đèn nội thất 30 màu,…… | Nhiều màu giao sớm nhất.Quà tặng theo xe | Cam kết giá lăn bánh tốt nhất có thể. | Giao xe miễn phí tận nơi toàn quốc | Bảo hành chính hãng 3 năm không giới hạn Km. | | | |",https://bonbanh.com/xe-audi-q7-45-tfsi-quattro-2024-5881111,SUV,Đen
6689850,Audi,Q7,Audi Q7 2.0 AT 2018,1530,1 Tỷ 530 Triệu,2018,Xe đã dùng,74000.0,Nhập khẩu,Xăng 2.0 L,Số tự động,Trắng,7 chỗ,5 cửa,AWD - 4 bánh toàn thời gian,Hà Nội,Toyota Hà Đông - Trung tâm xe đã qua sử dụng,0945 831 993,"Số 977 - 979 đường Quang Trung, Yên Nghĩa, Hà Đông Hà Nội",toyotahadong-usedcar.bonbanh.com,"| | Audi Q7 SX 2018 model 2019 | Xe màu trắng nt đen siêu đẹp, chạy 7v | Xe trang bị : | - Đề nổ startstop, màn hình giải trí lên xuống tự động | - Điều hòa 4 vùng độc lập | - Cần số kiểu chuyên cơ, phanh điện tử có auto hold | - Cửa hít | - Cốp đóng mở điện | - Dẫn động 4 bánh, động cơ V6 | - Chứng nhận danh hiệu Top Safety Pick+ là mẫu SUV an toàn nhất năm 2016 tại Mỹ, Audi Q7 2018 | ✓ Cam kết không đâm đụng, ngập nước. | ✓ Cam kết lịch sử minh bạch, pháp lý rõ ràng. | ✓ Cam kết chất lượng bằng văn bản. | ✓ Hỗ trợ vay bank, thủ tục sang tên. | | | |",https://bonbanh.com/xe-audi-q7-2.0-at-2018-6689850,SUV,Đen
6037621,Audi,Q7,Audi Q7 45 TFSI Quattro 2024,3340,3 Tỷ 340 Triệu,2024,Xe mới,,Nhập khẩu,Xăng 2.0 L,Số tự động,Xanh,7 chỗ,5 cửa,AWD - 4 bánh toàn thời gian,TP HCM,Audi Hồ Chí Minh,0918 966 669,"6b, Tôn Đức Thắng, P. Bến Nghé, Quận 1 TP HCM",audihochiminh.bonbanh.com,"| | Audi Q7 45TFSI Plus | Sx 2024 mới 100% | Phiên bản chưa từng xuất hiện tại Việt Nam | Xe nhập khẩu nguyên chiếc mới 100% | Nhiều trang bị option | Mâm 20 inch,Loa B&O ,Apple carplay không dây ,cửa hít,cốp tự động,đèn Matrix LED,Đèn logo Audi ,ghế xếp điện,Đèn nội thất 30 màu,…… | Nhiều màu giao sớm nhất. | Bảo hành chính hãng 3 năm không giới hạn Km. | | | |",https://bonbanh.com/xe-audi-q7-45-tfsi-quattro-2024-6037621,SUV,Nâu
6539049,Audi,Q7,Audi Q7 45 TFSI Quattro 2023,2650,2 Tỷ 650 Triệu,2023,Xe đã dùng,32000.0,Nhập khẩu,Xăng 2.0 L,Số tự động,Đen,7 chỗ,5 cửa,AWD - 4 bánh toàn thời gian,Hà Nội,Nguyễn Ngọc Hiệp,0961 112 299,168 Lê Quang Đạo - Phú Đô - Nam Từ Liêm Hà Nội,,| | E lại về thêm hàng hiếm | Audi Q7 sản xuất 2023 máy 2.0 | Lăn bánh có 2v miles thôi ạ | Chất miễn bàn check test thoải mái | Alo e là lấy xe | | | |,https://bonbanh.com/xe-audi-q7-45-tfsi-quattro-2023-6539049,SUV,Nâu
6577166,Audi,Q7,Audi Q7 3.0 AT 2016,1188,1 Tỷ 188 Triệu,2016,Xe đã dùng,0.0,Nhập khẩu,Xăng 3.0 L,Số tự động,Nâu,7 chỗ,5 cửa,AWD - 4 bánh toàn thời gian,Hà Nội,Auto HHDC - Vũ Trụ Xe Sang,0948 889 090,"Mr Dũng - 106 Nguyễn Khánh Toàn, Cầu Giấy Hà Nội",autohhdc.bonbanh.com,"| | Chào bán AUDI Q7 TFSi sản xuất 2016 một chủ từ mới, lăn bánh 75.000mile | Động cơ 3.0L V6 Tubor 333 mã lực mạnh mẽ, nội thất siêu rộng. | Xe được trang bị nhiều option cao cấp như: ghế da chỉnh điện 10 hướng, 5 chế độ lái, đen pha Led thông minh, màn hỉnh trung tâm, nội thất da nâu sang trọng, cốp điện, 4 vùng điều hòa độc lập... | | Tặng ngay gói chăm sóc xe và phủ Ceramic cao cấp của #HHDC_CARE. | | HHDC Auto cam kết sản phẩm bán ra với các tiêu trí: | - Xe không đâm đụng tai nạn. | - Xe không ngập nước thuỷ kích. | - Động cơ, hộp số nguyên bản. | - Ki lô mét nguyên bản theo xe. | - Hồ sơ pháp lý minh bạch. | | Vận chuyển toàn quốc. | Ngân hàng hỗ trợ 70% trên toàn quốc. | Giá chào bán tại HHDC Auto đang rất tốt. | (Liên hệ để nhận video giới thiệu chi tiết) | | | |",https://bonbanh.com/xe-audi-q7-3.0-at-2016-6577166,SUV,Nâu
6591247,Audi,Q7,Audi Q7 2.0 AT 2018,1485,1 Tỷ 485 Triệu,2018,Xe đã dùng,0.0,Nhập khẩu,Xăng 2.0 L,Số tự động,Trắng,7 chỗ,5 cửa,AWD - 4 bánh toàn thời gian,Hà Nội,Hoà Bình Auto,0372 153 388,"379 Phạm Văn Đồng, Xuân Đỉnh, Quận Bắc Từ Liêm Hà Nội",hoabinhauto.bonbanh.com,"| | Audi Q7 sx 2018 | Xe trang bị: | - Cửa hít, cốp điện. | - Điều hòa tự động 4 vùng độc lập. | - Nội thất da cao cấp, ốp vân gỗ sang trọng. | - Ghế lái chỉnh điện 8 hướng, 2 vị trí nhớ ghế. | ... | | - Xe cam kết không đâm đụng, không ngập nước, bao check hãng toàn quốc. | - Hỗ trợ sang tên đổi chủ, thủ tục giấy tờ pháp lý rõ ràng. | - Chế độ bảo hành hậu mãi, chăm sóc xe miễn phí sau khi mua xe | | Liên hệ để biết thêm thông tin xe | | | |",https://bonbanh.com/xe-audi-q7-2.0-at-2018-6591247,SUV,Đen
6577380,Audi,Q7,Audi Q7 45 TFSI Quattro 2023,2650,2 Tỷ 650 Triệu,2023,Xe đã dùng,32000.0,Nhập khẩu,Xăng 2.0 L,Số tự động,Đen,7 chỗ,5 cửa,AWD - 4 bánh toàn thời gian,Hà Nội,One Luxury Cars,0981 388 555,Villa05 C1 khu đô thị Yên Hoà - Cầu Giấy Hà Nội,oneluxurycars.bonbanh.com,"| | Audi Q7 45 TFSI Quattro 2.0 sản xuất 2023 xe chạy 2vạn miles , 1 chủ siêu đẹp , full lịch sử hãng . | | ✓Option : Đèn full led , cam 360 cảm biến quanh xe , cốp điện , cửa hít , ghế chỉnh điện ,.... | | | ️ Địa chỉ : Số 5 Lô C1 Khu đô thị mới Yên Hoà Cầu Giấy Hà Nội . | | | Cam kết xe không đâm đụng ngập nước | Bảo hành dài hạn | Hỗ trợ tất cả dịch vụ sau bán | Bao quay đầu cho khách trải nghiệm | | | |",https://bonbanh.com/xe-audi-q7-45-tfsi-quattro-2023-6577380,SUV,Nâu
6444431,Audi,A6,Audi A6 2.0T 2013,445,445 Triệu,2013,Xe đã dùng,100000.0,Nhập khẩu,Xăng 2.0 L,Số tự động,Trắng,5 chỗ,4 cửa,FWD - Dẫn động cầu trước,Hà Nội,Bùi Dương,0986 203 535,"5A Đinh Núp, Yên Hoà, Cầu Giấy (sau Keang Nam) Hà Nội",,"| | Bán xe Audi A6 2.0T sx 2013 biển HN 1 chủ từ đầu. Xe cá nhân sử dụng bảo dưỡng định kỳ rất mới. Option miên man: Cửa hít, cốp điện, ghế điện, đèn auto, gạt mưa, điều hoà auto, rèm điện, màn hình thụt thò hiện đại, khoá Smart Key..... mới bảo dưỡng tổng thành cả dàn gầm. Máy số êm mượt, gầm êm thít. Ae sang xem là ưng vì chủ cũ chăm xe hơn chăm vợ. Giá có thương lượng, ae thiện chí alo nhé! | | | |",https://bonbanh.com/xe-audi-a6-2.0t-2013-6444431,Sedan,Kem
6532844,Audi,A6,Audi A6 2.0T 2013,475,475 Triệu,2013,Xe đã dùng,58000.0,Nhập khẩu,Xăng 2.0 L,Số tự động,Trắng,5 chỗ,4 cửa,FWD - Dẫn động cầu trước,TP HCM,Ngọc Quỳnh Autocar,0914 577 074,439 Cộng Hòa - P15 - Q Tân Bình TP HCM,ngocquynhautocar.bonbanh.com,"| | #AUDI_A6 2014 #58k miles | Màu trắng - nội thất nâu | Audi A6 là một chiếc sedan đẹp, mạnh mẽ và sang trọng. Động cơ: Xăng 4 xi lanh 2.0L tăng áp (TFSI) công suất tối đa 180 mã lực đi kèm với cùng hộp số tự động 8 cấp Multitronic. Mức tiêu hao nhiên liệu của xe là 6,2 lít/100km. | Option: thống lựa chọn chế độ lái Audi Drive và hệ thống cân bằng điện tử ESP với vi sai chống trượt điện tử, đèn pha tự động xenon tích hợp tính năng tự rửa, đèn Led trước/sau, hệ thống 6 túi khí, hệ thống cảm biến mưa, hệ thống cảnh báo áp suất lốp, hệ thống gương chiếu hậu trong/ngoài tự động chốn chói và có chức năng sấy, hệ thống khởi động xe thông minh... | | | |",https://bonbanh.com/xe-audi-a6-2.0t-2013-6532844,Sedan,Nâu
6471751,Audi,A6,Audi A6 45 TFSI 2022,1730,1 Tỷ 730 Triệu,2022,Xe đã dùng,14000.0,Nhập khẩu,Xăng 2.0 L,Số tự động,Trắng,5 chỗ,4 cửa,FWD - Dẫn động cầu trước,Hà Nội,Auto Trúc Anh,0962 226 268,"Số 115 Lê Văn Lương, Thanh Xuân Hà Nội",autotrucanh.bonbanh.com,"| | TRÚC ANH Auto về chiếc Audi A6 lướt lắm. Xe chạy ít, sang trọng, thiết kế vẫn cứ đỉnh chóp | Audi A6 45 TFSI sản xuất 2022 | Màu trắng, nội thất nâu | Odo: 14 ngàn km | Thiết kế của Audi luôn luôn đẹp theo phong cách hiện đại và rất mạnh mẽ. Các trang bị tiện nghi cũng không hề thua kém các đối thủ với: điều hoà 4 vùng, cửa hít, rèm ghế sau, nẹp aluminum trang trí quanh xe,... Bộ mâm đã được chủ cũ sơn lại màu đen thể thao | CAM KẾT hoàn tiền nếu phát hiện xe đâm đụng/ngập nước/km không đúng | Ngân hàng hỗ trợ 70% giá trị xe trong 5 năm | | Xem xe lái thử thực tế tạ 115 LÊ VĂN LƯƠNG, Q THANH XUÂN HN. | | | |",https://bonbanh.com/xe-audi-a6-45-tfsi-2022-6471751,Sedan,Nâu
6647578,Audi,A6,Audi A6 55 TFSI Quattro 2020,1299,1 Tỷ 299 Triệu,2020,Xe đã dùng,67000.0,Nhập khẩu,Xăng 3.0 L,Số tự động,Đen,5 chỗ,4 cửa,AWD - 4 bánh toàn thời gian,Hà Nội,Đỗ Hoàng Trung,0921 185 555,"16 Lê Đức Thọ, Mỹ Đình Hà Nội Xem gian hàng ⇨",,| | Hàng hót lại về !!! | Audi a6 sx 2020 odo 6v7 km | Giá mới cập nhập cực êm ái cho ace lấy về đi tết | Xe màu đen wrap trắng | | | |,https://bonbanh.com/xe-audi-a6-55-tfsi-quattro-2020-6647578,Sedan,Nâu
6693866,Audi,A6,Audi A6 1.8 TFSI 2015,595,595 Triệu,2015,Xe đã dùng,94000.0,Nhập khẩu,Xăng 1.8 L,Số tự động,Trắng,5 chỗ,4 cửa,FWD - Dẫn động cầu trước,Hà Nội,Showroom Hà Thành Car,0983 171 038,305 Nguyễn Xiển - Thanh Xuân Hà Nội,showroomhathanhcar.bonbanh.com,"| | Hà Thành Car bán Audi A6 1.8 TFSI | đời 2015 nhập Đức | Km : 9,4vankm . | Xe đi giữ zìn và rất mới | Bao không ngập nước, không đâm đụng. | ✓Hỗ trợ sang tên | ✓Hỗ trợ vay ngân hàng lãi suất ưu đãi. | ✓Hỗ trợ test hãng có văn bản | Ai có nhu cầu mời liên hệ để biết thêm thông tin chi tiết | | | |",https://bonbanh.com/xe-audi-a6-1.8-tfsi-2015-6693866,Sedan,Nâu
6610102,Audi,A6,Audi A6 2.0 TFSI 2015,585,585 Triệu,2015,Xe đã dùng,91000.0,Nhập khẩu,Xăng 2.0 L,Số tự động,Trắng,5 chỗ,4 cửa,FWD - Dẫn động cầu trước,Hà Nội,Mộc Anh Auto,0902 111 979,12A Dương Đình Nghệ Phường Yên Hòa Hà Nội Hà Nội,mocanhauto.bonbanh.com,| | Bán 4 cái vòng tròn này :Audi A6 2015 modern 2016 màu trắng biển tỉnh lăn bánh 91.000km | | | |,https://bonbanh.com/xe-audi-a6-2.0-tfsi-2015-6610102,Sedan,Nâu
6469435,Audi,A6,Audi A6 S Line 40 TFSI 2025,2099,2 Tỷ 99 Triệu,2025,Xe mới,,Nhập khẩu,Xăng 2.0 L,Số tự động,Trắng,5 chỗ,4 cửa,FWD - Dẫn động cầu trước,Hà Nội,Nguyễn Đức Hưng,0981 738 233,"Số 8 Đường Phạm Hùng, Phường Yên Hòa Hà Nội Xem gian hàng ⇨",,| | Audi A6 40TFSI Sline 2025 | | Audi A6 2025 phiên bản nâng cấp mới nhất của dòng Audi A6 tại thị trường Việt Nam | Bổ sung thêm nhiều tính năng mới. | + Camera 3D 360 | + Mâm thể thao 19 inch | + Màn hình buồng lái ảo Audi Virtual Cockpit | + Trang bị gói Sline S-line | + Nhập khẩu nguyên chiếc từ Đức | ... | Hãy liên hệ để có thông tin chi tiết về xe và các chương trình ưu đãi. | | | |,https://bonbanh.com/xe-audi-a6-s-line-40-tfsi-2025-6469435,Sedan,Đen
6583550,Audi,A6,Audi A6 45 TFSI 2021,1320,1 Tỷ 320 Triệu,2021,Xe đã dùng,60000.0,Nhập khẩu,Xăng 2.0 L,Số tự động,Đen,5 chỗ,4 cửa,FWD - Dẫn động cầu trước,TP HCM,Auto Thanh Tâm,0944 451 166,"793/62 Trần Xuân Soạn, phường Tân Hưng, quận 7 TP HCM",autothanhtam.bonbanh.com,"| | Bán Audi A6 Sx 2021 45TFSI chạy 6v xe một chủ còn rất mới động cơ 2.0 hộp số 7 cấp S tronic ly hợp kép xe cực đẹp phiên bản mới hoàn toàn cửa hít cóp điện màn hình cảm ứng,... | | | |",https://bonbanh.com/xe-audi-a6-45-tfsi-2021-6583550,Sedan,Nâu
6563488,Audi,A6,Audi A6 2.0T 2013,465,465 Triệu,2013,Xe đã dùng,110000.0,Nhập khẩu,Xăng 2.0 L,Số tự động,Trắng,5 chỗ,4 cửa,FWD - Dẫn động cầu trước,Hà Nội,anh Truong,0912 243 894,255 Trần Đăng Ninh - Cầu Giấy Hà Nội,,"| | Audi A6 đời 2013 xe đi 11 vạn cửa tiền hơn 400 khó có em nào qua được em nó,sang trọng an toàn cảm giác lái ,tích kiệm nhiên liệu với động cơ 2.0,anh em yêu alo em ( xe có màn hình camera lùi,cửa hít,khóa thông mình) | | | |",https://bonbanh.com/xe-audi-a6-2.0t-2013-6563488,Sedan,Kem
6628562,Audi,A6,Audi A6 S Line 2026,2779,2 Tỷ 779 Triệu,2026,Xe mới,,Nhập khẩu,Xăng 2.0 L,Số tự động,Trắng,5 chỗ,4 cửa,FWD - Dẫn động cầu trước,Hà Nội,Nguyễn Đức Hưng,0981 738 233,"Số 8 Đường Phạm Hùng, Phường Yên Hòa Hà Nội Xem gian hàng ⇨",,"| | Audi A6 All New 2026 | | Audi A6 Sedan TFSI Sline 2026 là phiên bản All New vừa ra mắt thị trường Việt Nam, đây là phiên bản đổi mới toàn diện từ ngoài thất, nội thất và trang bị Option, công nghệ an toàn đầy đủ nhất từ trước đến nay. | - Gói ngoại thất Sline | - Hệ thống đèn pha Led Matrix | - Hệ thống cảnh báo chệch làn đường | - Hệ thống cảnh báo điểm mù và cảnh báo va chạm khi mở cửa | - Hỗ trợ phanh khẩn cấp | - Phanh khoảng cách | - Trang bị Head-up display | .......... | Hãy liên hệ để có thông tin chi tiết về xe và các chương trình ưu đãi. | | | |",https://bonbanh.com/xe-audi-a6-s-line-2026-6628562,Sedan,Nâu
6574216,Audi,A6,Audi A6 1.8 TFSI 2015,620,620 Triệu,2015,Xe đã dùng,90000.0,Nhập khẩu,Xăng 1.8 L,Số tự động,Trắng,5 chỗ,4 cửa,FWD - Dẫn động cầu trước,Hà Nội,Salon Ô tô Hà Nội 1,0968 680 977,"Số 1B Nguyễn Văn Huyên, Cầu Giấy Hà Nội",otohanoi1.bonbanh.com,"| | Nội thất da cao cấp ốp gỗ Walnut bóng. | Ghế trước chỉnh điện 8 hướng, có bơm lưng điện. | Điều hoà tự động 4 vùng độc lập | Màn hình MMI 7 inch dạng thò thụt. | Phanh tay điện tử + Auto Hold....v.v.. | | ➫ Odo chỉ . , chuẩn chỉ nguyên zin, thủ tục nhanh chóng nhận xe ngay | ( Tặng bảo dưỡng tổng quát, phủ Ceramic, lễ bàn giao chuyên nghiệp ) | | | |",https://bonbanh.com/xe-audi-a6-1.8-tfsi-2015-6574216,Sedan,Nâu
6693001,Audi,A6,Audi A6 S Line 40 TFSI 2025,2779,2 Tỷ 779 Triệu,2025,Xe mới,,Nhập khẩu,Xăng 2.0 L,Số tự động,Trắng,5 chỗ,4 cửa,FWD - Dẫn động cầu trước,Hà Nội,Mr Chính,0916 675 388,Số 8 Phạm Hùng Hà Nội,,"| | Audi A6 S line 40 TFSI là ở thiết kế ngoại thất, nổi bật chính là gói thể thao S line đặc trưng. Lưới tản nhiệt khung đơn với họa tiết tổ ong và viền chrome nổi bật. Cụm đèn pha LED Matrix tiêu chuẩn, đi kèm đèn viền ban ngày độc đáo, không chỉ tăng cường khả năng chiếu sáng mà còn là yếu tố nhận diện thương hiệu đặc trưng. | | | |",https://bonbanh.com/xe-audi-a6-s-line-40-tfsi-2025-6693001,Sedan,Đen
6579305,Audi,A6,Audi A6 1.8 TFSI 2016,595,595 Triệu,2016,Xe đã dùng,70000.0,Nhập khẩu,Xăng 1.8 L,Số tự động,Trắng,5 chỗ,4 cửa,FWD - Dẫn động cầu trước,TP HCM,Auto Thanh Tâm,0944 451 166,"793/62 Trần Xuân Soạn, phường Tân Hưng, quận 7 TP HCM",autothanhtam.bonbanh.com,"| | Bán Audi A6 2016 chạy 7vkm còn rất mới màu trắng/nâu cực đẹp fom mới máy mới cửa hít cóp điện phanh tay điện tử đèn led , xe nguyên bản không lỗi lầm gầm bệ chạy cực êm | Đảm bao khi xem xe sẽ thích ngay | | | |",https://bonbanh.com/xe-audi-a6-1.8-tfsi-2016-6579305,Sedan,Nâu
6426338,Audi,A6,Audi A6 2.0T 2013,438,438 Triệu,2013,Xe đã dùng,120000.0,Nhập khẩu,Xăng 2.0 L,Số tự động,Trắng,5 chỗ,4 cửa,FWD - Dẫn động cầu trước,Hà Nội,Salon ô tô Phú Quý,0947 963 888,Số 6 Phạm Văn Bạch - Yên Hoà - Cầu Giấy Hà Nội,salonotophuquy.bonbanh.com,| | Phú Quý Auto giới thiệu: Audi A6 - 2.0TFSI nhập Đức 2013 | Odo 12 vạn km | -- | * Phú Quý rất hân hạnh được phục vụ Quý Khách! | -- | - Phú Quý Auto: Sứ mệnh phục vụ | - Hỗ trợ trả góp lên đến 80% lãi suất thấp thủ tục đơn giản | - Số 6 Phạm Văn Bạch - CG - HN | - Trân trọng! | | | |,https://bonbanh.com/xe-audi-a6-2.0t-2013-6426338,Sedan,Kem
6557831,Audi,A6,Audi A6 S Line 2026,2799,2 Tỷ 799 Triệu,2026,Xe mới,,Nhập khẩu,Xăng 2.0 L,Số tự động,Xám,5 chỗ,4 cửa,FWD - Dẫn động cầu trước,Hà Nội,Audi Miền Bắc,0989 731 688,Số 8 Đường Phạm Hùng - Phường Mễ Trì - Quận Nam Từ Liêm Hà Nội,audimienbac.bonbanh.com,"| | Audi A6 2026 được phân phối dưới dạng nhập khẩu nguyên chiếc từ Đức | | Xe được trang bị gói ngoại thất thể thao S line tiêu chuẩn, đi kèm nhiều công nghệ hiện đại và tiện nghi cao cấp. Thiết kế ngoại thất của A6 nổi bật với ngôn ngữ “sự quyến rũ thuần khiết” – sự kết hợp giữa nét thể thao mạnh mẽ và tính thanh lịch tinh tế. | | Liên hệ ngay Audi Miền Bắc để biết thêm thông tin xe cũng như chương trình ưu đãi tháng này! | | | |",https://bonbanh.com/xe-audi-a6-s-line-2026-6557831,Sedan,Đen
6079705,Audi,A6,Audi A6 S Line 40 TFSI 2025,2231,2 Tỷ 231 Triệu,2025,Xe mới,,Nhập khẩu,Xăng 2.0 L,Số tự động,Trắng,5 chỗ,4 cửa,FWD - Dẫn động cầu trước,Hà Nội,Audi Miền Bắc,0989 731 688,Số 8 Đường Phạm Hùng - Phường Mễ Trì - Quận Nam Từ Liêm Hà Nội,audimienbac.bonbanh.com,"| | ƯU ĐÃI LÊN ĐẾN 314 TRỆU ĐỒNG khi sở hữu Audi A6 S line 40 TFSI | | Audi A6 S line 40 TFSI là ở thiết kế ngoại thất, nổi bật chính là gói thể thao S line đặc trưng. Lưới tản nhiệt khung đơn với họa tiết tổ ong và viền chrome nổi bật. Cụm đèn pha LED Matrix tiêu chuẩn, đi kèm đèn viền ban ngày độc đáo, không chỉ tăng cường khả năng chiếu sáng mà còn là yếu tố nhận diện thương hiệu đặc trưng. | | LIÊN HỆ NGAY HOTLINE ĐỂ CÓ GIÁ TỐT NHẤT | | | |",https://bonbanh.com/xe-audi-a6-s-line-40-tfsi-2025-6079705,Sedan,Đen
5424853,Audi,A6,Audi A6 45 TFSI 2021,1488,1 Tỷ 488 Triệu,2021,Xe đã dùng,18000.0,Nhập khẩu,Xăng 2.0 L,Số tự động,Trắng,5 chỗ,4 cửa,FWD - Dẫn động cầu trước,Hà Nội,Mr Hướng,0981 118 311,269 Phạm Văn Đồng Hà Nội Xem gian hàng ⇨,,| | Audi a6 model 2022 thiết kế sang trọng lịch lãm hơn merEclass và cảm giác lái thì thôi k fai ssanh vs sedan nào tầm 2 tỉ | Xe chỉ mới lăn bánh 18.000km | Một chủ Hn full ls bd hãng | QK call sdt để hẹn xem xe | | | |,https://bonbanh.com/xe-audi-a6-45-tfsi-2021-5424853,Sedan,Nâu
6400074,Audi,A6,Audi A6 S Line 40 TFSI 2024,2099,2 Tỷ 99 Triệu,2024,Xe mới,,Nhập khẩu,Xăng 2.0 L,Số tự động,Xám,5 chỗ,4 cửa,FWD - Dẫn động cầu trước,TP HCM,Audi Hồ Chí Minh,0918 966 669,"6b, Tôn Đức Thắng, P. Bến Nghé, Quận 1 TP HCM",audihochiminh.bonbanh.com,"| | Audi A6 new 2025 sx 2024 | Audi A6 40TFSI Sline 2025 phiên bản nâng cấp mới nhất của dòng Audi A6 tại thị trường Việt Nam | Bổ sung thêm nhiều tính năng mới. | Camera 3D 360 | Mâm thể thao 19 inch | Màng hình buồng lái ảo Audi Cockpit | Body S-line | Nhập khẩu nguyên chiếc từ Đức | Made in Germany | Xe giao sớm nhất. | Giá lăn bánh tốt nhất tại mọi thời điểm. | Giao xe tận nơi toàn quốc miễn phí,nhiều khuyến mãi theo xe. | | | |",https://bonbanh.com/xe-audi-a6-s-line-40-tfsi-2024-6400074,Sedan,Nâu
6400077,Audi,A6,Audi A6 S Line 40 TFSI 2025,2099,2 Tỷ 99 Triệu,2025,Xe mới,,Nhập khẩu,Xăng 2.0 L,Số tự động,Nâu,5 chỗ,4 cửa,FWD - Dẫn động cầu trước,TP HCM,Audi Hồ Chí Minh,0918 966 669,"6b, Tôn Đức Thắng, P. Bến Nghé, Quận 1 TP HCM",audihochiminh.bonbanh.com,"| | Audi A6 40TFSI Sline 2025 phiên bản nâng cấp mới nhất của dòng Audi A6 tại thị trường Việt Nam | Sx 24 | Bổ sung thêm nhiều tính năng mới. | Camera 3D 360 | Mâm thể thao 19 inch | Màng hình buồng lái ảo Audi Cockpit | Body S-line | Nhập khẩu nguyên chiếc từ Đức | Made in Germany | Xe giao sớm nhất. | Giá lăn bánh tốt nhất tại mọi thời điểm. | Giao xe tận nơi toàn quốc miễn phí,nhiều khuyến mãi theo xe. | | | |",https://bonbanh.com/xe-audi-a6-s-line-40-tfsi-2025-6400077,Sedan,Nâu
6445198,Audi,A6,Audi A6 2.0T 2013,444,444 Triệu,2013,Xe đã dùng,110000.0,Nhập khẩu,Xăng 2.0 L,Số tự động,Trắng,5 chỗ,4 cửa,FWD - Dẫn động cầu trước,Hà Nội,Trịnh Thành,0902 188 812,"Keangnam 5A Đinh Núp, Phạm Hùng Hà Nội",,"| | Audi A6 sx 2013 dk 2014 | Lăn bánh odo 11 v km | Bảo dưỡng chuẩn ,xe chất không đâm đụng ,không thủy kích ,thân vỏ gin . | Xe đi rất thích mượt mà ,bốc không lỗi lầm gi ,nội ngoại thất đẹp căng . | Chất miễn bàn ,động cơ 2.0T trang bị cửa hít ,cốp điện ,mở cửa 1 chạm ,điều hòa 4 vùng độc lập... | Giá cả có thương lượng ae thiện chí | Liên hệ biết chi tiết | | | |",https://bonbanh.com/xe-audi-a6-2.0t-2013-6445198,Sedan,Kem
6544330,Audi,A4,Audi A4 2.0T Quattro 2009,285,285 Triệu,2009,Xe đã dùng,125600.0,Nhập khẩu,Xăng 2.0 L,Số tự động,Đỏ,5 chỗ,4 cửa,AWD - 4 bánh toàn thời gian,TP HCM,Auto Minh Quang,0933 334 533,"222 Đinh Bộ Lĩnh, P 26, Q. Bình Thạnh TP HCM",autominhquang.bonbanh.com,"| | Audi A4 máy 2.0 2009 loại Slier Full đồ chơi ít đi rất dẹp cửa sổ trời nội thất nệm da nau zin Xe bao chạy gầm máy cách âm êm ru ít hao xăng đồng sơn máy còn zin mới, bao test không một lỗi nhỏ.Lưa ý Xe bán có bảo hành bảo trì miễn phí công thợ sửa chua cho quy khách ngan xa. | | | |",https://bonbanh.com/xe-audi-a4-2.0t-quattro-2009-6544330,Sedan,Kem
6445432,Audi,A4,Audi A4 1.8 TFSI 2014,489,489 Triệu,2014,Xe đã dùng,42000.0,Nhập khẩu,Xăng 1.8 L,Số tự động,Đen,5 chỗ,4 cửa,FWD - Dẫn động cầu trước,TP HCM,Kingdom Auto,0902 888 877,"53 đường số 85, Tân Quy, Quận 7 TP HCM",kingdom-auto.bonbanh.com,"| | ️ ️Audi A4 Facelift model 2015 màu đen cực ngầu | - Màu đen/ nt màu đen rất sạch | - Động cơ 1.8 Turbo với 190 mã lực kèm theo hộp số mới 7 cấp S-Tronic | - Option theo xe: khoang lái máy bay, nhạc hay loa sức sắc,… | | ✓️Đảm bảo ko đâm đụng, ngập nước. | ✓️Bao test hãng | ✓️Bao bank, duyệt hồ sơ trong ngày | Tặng gói chăm sóc xe và phủ Ceramic cao cấp | Ngân hàng hỗ trợ 70% | | | |",https://bonbanh.com/xe-audi-a4-1.8-tfsi-2014-6445432,Sedan,Đen
6559582,Audi,A4,Audi A4 40 TFSI Advanced Plus 2024,1475,1 Tỷ 475 Triệu,2024,Xe đã dùng,20000.0,Nhập khẩu,Xăng 2.0 L,Số tự động,Đỏ,5 chỗ,4 cửa,FWD - Dẫn động cầu trước,TP HCM,HB Auto,0925 232 323,"7 đường số 20 khu B, P. An Phú, Quận 2 TP HCM",hbauto.bonbanh.com,"| | Audi A4 Advanced Plus sản xuất 2024 1 xe duy nhất siêu lướt ạh | | Tên công ty xuất VAT FULL | | Odo 2v km , cam kết không đâm đụng ngập nước bao check test toàn quốc | | Hổ trợ Bank | | | |",https://bonbanh.com/xe-audi-a4-40-tfsi-advanced-plus-2024-6559582,Sedan,Nâu
6677475,Audi,A4,Audi A4 1.8 TFSI 2013,355,355 Triệu,2013,Xe đã dùng,0.0,Nhập khẩu,Xăng 1.8 L,Số tự động,Đen,5 chỗ,4 cửa,FWD - Dẫn động cầu trước,Hà Nội,Mr Huy,0983 383 271,Hai Bà Trưng Hà Nội,,| | Audi A4 bản 1.8 TFSI | Sản xuất 2013 | | Ai quan tâm liên hệ trực tiếp | | Thank | | | |,https://bonbanh.com/xe-audi-a4-1.8-tfsi-2013-6677475,Sedan,Kem
6615355,Audi,A4,Audi A4 2.0 TFSI 2016,659,659 Triệu,2016,Xe đã dùng,56000.0,Nhập khẩu,Xăng 2.0 L,Số tự động,Trắng,5 chỗ,4 cửa,FWD - Dẫn động cầu trước,TP HCM,Lê Văn Út,0908 742 008,"620 Lê Văn Lương, Phường Tân Phong, Q7, Hcm TP HCM",,"| | 01 Chiếc Xe Audi A4 2.0 TFSI siêu lướt 56.000 km - Model 2017, siêu mới siêu keng mà giá lại quá yêu thương | - Màu Trắng/ Nội Thất Đen | - Bảo dưỡng đầy đủ | - Bao check | | | Cam kết xe đạt tiêu chuẩn không đâm đụng, không ngập nước, máy & hộp số Zin nguyên bản. | Hỗ trợ trả góp qua ngân hàng lên đến 70%, thủ tục đơn giản, nhanh gọn lẹ. | Hỗ trợ dịch vụ bảo dưỡng, đăng kiểm xe theo định kỳ. | Hỗ trợ chế độ thu đổi hợp lí. | Hỗ trợ dịch vụ giao xe tận nhà, lễ bàn giao… | | | |",https://bonbanh.com/xe-audi-a4-2.0-tfsi-2016-6615355,Sedan,Đen
5809283,Audi,A4,Audi A4 40 TFSI Advanced Plus 2024,1620,1 Tỷ 620 Triệu,2024,Xe mới,,Nhập khẩu,Xăng 2.0 L,Số tự động,Xám,5 chỗ,4 cửa,FWD - Dẫn động cầu trước,TP HCM,Audi Hồ Chí Minh,0918 966 669,"6b, Tôn Đức Thắng, P. Bến Nghé, Quận 1 TP HCM",audihochiminh.bonbanh.com,"| | Audi Hồ Chí Minh cung cấp xe Audi A4 Plus 40TFSI nhập khẩu mới 100% Made in Germany chính hãng bảo hành 3 năm . | Xe Sx 2024 Model 2024 | Bản có camera 360 ,ghế massage,… | Giá xe đã bao gồm 10% VAT. | Cam kết Hình ảnh xe đúng với phiên bản xe bán thực tế với sự kiểm duyệt uy tín của bonbanh.com. | Giá xe tốt nhất tại mọi thời điểm. | Hỗ trợ ngân hàng trả trước 690 Triệu nhận xe. | Kho xe Audi tại Việt Nam còn nhiều màu nội ngoại thất giao ngay. | Hỗ trợ giao xe tận nơi miễn phí. | | | |",https://bonbanh.com/xe-audi-a4-40-tfsi-advanced-plus-2024-5809283,Sedan,Nâu
6606119,Audi,A4,Audi A4 1.8 TFSI 2014,375,375 Triệu,2014,Xe đã dùng,0.0,Nhập khẩu,Xăng 1.8 L,Số tự động,Xanh,5 chỗ,4 cửa,FWD - Dẫn động cầu trước,Hà Nội,Mr Tuyên,0982 625 959,Hai Bà Trưng Hà Nội,,| | A4 sx 2014 | | Ai quan tâm liên hệ trực tiếp | Thank | | | |,https://bonbanh.com/xe-audi-a4-1.8-tfsi-2014-6606119,Sedan,Đen
6544863,Audi,A4,Audi A4 1.8 TFSI 2013,385,385 Triệu,2013,Xe đã dùng,0.0,Nhập khẩu,Xăng 1.8 L,Số tự động,Xanh,5 chỗ,4 cửa,FWD - Dẫn động cầu trước,Hà Nội,Sàn ôtô Việt Nam,0917 399 798,"29 Lê Văn Lương, Cầu Giấy Hà Nội",sanotovietnam.bonbanh.com,"| | Audi A4 1.8 TFSI 2013 nhập khẩu Đức , màu xanh, nội thất đen | Xe trang bị: Đã lên màn hình android, camera lùi , Đề nổ Star/ Stop ,ghế da cao cấp chỉnh điện 2 bên , vô lăng tích hợp,phanh tay điện tử... | Xe đã được qua kiểm định chất lượng, cam kết xe chưa đâm đụng, chưa ngập nước và máy móc còn nguyên bản. Hỗ trợ làm các thủ tục đăng ký - đăng kiểm, sang tên đổi chủ. | Tư vấn hỗ trợ thủ tục mua bán xe ô tô cũ trả góp, vay vốn qua ngân hàng nhanh gọn với chi phí thấp nhất và lãi suất thấp nhất | | | |",https://bonbanh.com/xe-audi-a4-1.8-tfsi-2013-6544863,Sedan,Đen
6548765,Audi,A4,Audi A4 40 TFSI Advanced 2024,1499,1 Tỷ 499 Triệu,2024,Xe đã dùng,20000.0,Nhập khẩu,Xăng 2.0 L,Số tự động,Đỏ,5 chỗ,4 cửa,FWD - Dẫn động cầu trước,Hà Nội,Z Auto,0969 933 779,"16 Lê Đức Thọ, Mỹ Đình 2, Nam Từ Liêm Hà Nội",zauto.bonbanh.com,"| | Audi A4_40TFSI | Năm Sx: 2024 Tên Cty xuất Hoá Đơn 1 tỷ 4 | ODO:20.000 km, check test thoải mái | Động cơ 2.0 | option: | - Điều hoà tự động 2 vùng | - màn hình hiển thị điện tử | - 3 chế độ lái | - 2 ghế trước chỉnh điện kèm 3 vị trí nhớ | - cam 360 | …… v. v | giá niêm yết (tốt nhất thị trường) | ———ZAUTO CAM KẾT——— | Bảo hành 6 tháng máy móc động cơ, hộp số | Giao xe tận nơi cho khách ở xa | Cam kết tận nơi cho khách ở xa | Cam kết bằng văn bản xe không đâm đụng, ngập nước, máy móc hộp số nguyên bản, km chuẩn, sai hoàn tiền 100% | | | |",https://bonbanh.com/xe-audi-a4-40-tfsi-advanced-2024-6548765,Sedan,Nâu
5752411,Audi,A4,Audi A4 40 TFSI Advanced Plus 2025,1535,1 Tỷ 535 Triệu,2025,Xe mới,,Nhập khẩu,Xăng 2.0 L,Số tự động,Xanh,5 chỗ,4 cửa,FWD - Dẫn động cầu trước,Hà Nội,Audi Miền Bắc,0989 731 688,Số 8 Đường Phạm Hùng - Phường Mễ Trì - Quận Nam Từ Liêm Hà Nội,audimienbac.bonbanh.com,"| | ƯU ĐÃI LÊN ĐẾN 154.5TRỆU ĐỒNG khi sở hữu Audi A4 2025 | | Audi A4 2025 hoàn toàn mới phiên bản Advanced Plus 40 TFSI đi kèm gói Black Edition | | Xe sử dụng mâm xe 10 chấu hai tông màu có kích thước 18 inch, hệ thống đèn trước LED tiêu chuẩn chưa phải loại ma trận, cụm đồng hồ dạng cơ kết hợp màn hình 5 inch sau vô-lăng, màn hình cảm ứng trung tâm 10,1 inch, ghế trước chỉnh điện có chức năng nhớ vị trí, hệ thống điều hòa tự động 3 vùng.... | | Liên hệ ngay Audi Miền Bắc để biết thêm thông tin xe cũng như chương trình ưu đãi tháng này! | | | |",https://bonbanh.com/xe-audi-a4-40-tfsi-advanced-plus-2025-5752411,Sedan,Đen
5809262,Audi,A4,Audi A4 40 TFSI Advanced Plus 2024,1620,1 Tỷ 620 Triệu,2024,Xe mới,,Nhập khẩu,Xăng 2.0 L,Số tự động,Đen,5 chỗ,4 cửa,FWD - Dẫn động cầu trước,TP HCM,Audi Hồ Chí Minh,0918 966 669,"6b, Tôn Đức Thắng, P. Bến Nghé, Quận 1 TP HCM",audihochiminh.bonbanh.com,"| | Audi Hồ Chí Minh cung cấp xe Audi A4 Plus 40TFSI nhập khẩu mới 100% Made in Germany chính hãng bảo hành 3 năm . | Xe Sx 2024 Model 2024 | Bản có camera 360 ,ghế massage,… | Giá xe đã bao gồm 10% VAT. | Cam kết Hình ảnh xe đúng với phiên bản xe bán thực tế với sự kiểm duyệt uy tín của bonbanh.com. | Giá xe tốt nhất tại mọi thời điểm. | Hỗ trợ ngân hàng trả trước 690 Triệu nhận xe. | Kho xe Audi tại Việt Nam còn nhiều màu nội ngoại thất giao ngay. | Hỗ trợ giao xe tận nơi miễn phí. | | | |",https://bonbanh.com/xe-audi-a4-40-tfsi-advanced-plus-2024-5809262,Sedan,Nâu
5752386,Audi,A4,Audi A4 40 TFSI Advanced Plus 2025,1535,1 Tỷ 535 Triệu,2025,Xe mới,,Nhập khẩu,Xăng 2.0 L,Số tự động,Xanh,5 chỗ,4 cửa,FWD - Dẫn động cầu trước,Hà Nội,Audi Miền Bắc,0989 731 688,Số 8 Đường Phạm Hùng - Phường Mễ Trì - Quận Nam Từ Liêm Hà Nội,audimienbac.bonbanh.com,"| | ƯU ĐÃI LÊN ĐẾN 154.5TRỆU ĐỒNG khi sở hữu Audi A4 2025 | | Audi A4 2025 hoàn toàn mới phiên bản Advanced Plus 40 TFSI đi kèm gói Black Edition | | Xe sử dụng mâm xe 10 chấu hai tông màu có kích thước 18 inch, hệ thống đèn trước LED tiêu chuẩn chưa phải loại ma trận, cụm đồng hồ dạng cơ kết hợp màn hình 5 inch sau vô-lăng, màn hình cảm ứng trung tâm 10,1 inch, ghế trước chỉnh điện có chức năng nhớ vị trí, hệ thống điều hòa tự động 3 vùng.... | | Liên hệ ngay Audi Miền Bắc để biết thêm thông tin xe cũng như chương trình ưu đãi tháng này! | | | |",https://bonbanh.com/xe-audi-a4-40-tfsi-advanced-plus-2025-5752386,Sedan,Đen
6685497,Audi,A4,Audi A4 1.8 TFSI 2015,390,390 Triệu,2015,Xe đã dùng,70000.0,Nhập khẩu,Xăng 1.8 L,Số tự động,Xanh,5 chỗ,4 cửa,FWD - Dẫn động cầu trước,TP HCM,Auto Thanh Tâm,0944 451 166,"793/62 Trần Xuân Soạn, phường Tân Hưng, quận 7 TP HCM",autothanhtam.bonbanh.com,| | Cần bán Audi A4 Sx 2015 màu xanh/đen xe còn rất mới chạy 7v xe zin nguyên bản | | | |,https://bonbanh.com/xe-audi-a4-1.8-tfsi-2015-6685497,Sedan,Đen
6683670,Audi,A4,Audi A4 2.0 TFSI 2016,699,699 Triệu,2016,Xe đã dùng,48000.0,Nhập khẩu,Xăng 2.0 L,Số tự động,Đen,5 chỗ,4 cửa,FWD - Dẫn động cầu trước,TP HCM,MBA Auto Việt Nam,0702 000 222,"93 Lý Phục Man, Bình Thuận, Quận 7 TP HCM",mbaauto.bonbanh.com,"| | Audi A4 Apec. | - Màu Đen, nội thất Nâu. | - Sản xuất: 2016 - Đăng ký 2018. | - ODO: 48.000 km. | - Options: Gói Body Sline thể thao, Mâm Sline, Loa Bang & Olufsen, Rèm che nắng, Options nhiều hơn bản thường,... | - ---. | Mua xe tại #MBAauto, khách hàng được. | - Thoải mái check hãng hoặc gara bất kỳ. | - Hướng dẫn hồ sơ vay ngân hàng nhanh gọn. | - Tặng gói Spa xe trước khi về nhà mới. | - Và nhiều phần quà giá trị khác. | ————————————————. | MBAauto - Đẳng Cấp Xe Lướt. | Chuyên mua - bán - ký gửi các dòng xe Đức. | 93 Lý Phục Man, Tân Thuận, HCM (Quận 7). | | | |",https://bonbanh.com/xe-audi-a4-2.0-tfsi-2016-6683670,Sedan,Nâu
6681757,Audi,A4,Audi A4 2.0 TFSI 2016,699,699 Triệu,2016,Xe đã dùng,48000.0,Nhập khẩu,Xăng 2.0 L,Số tự động,Đen,5 chỗ,4 cửa,FWD - Dẫn động cầu trước,TP HCM,Huynh van Thanh,0903 614 855 - 0966 949 336,Chung cư topaz quận 8 TP HCM,,"| | Nay m10 vía thần tài em bán xe công vụ odo cọp 48.000km zin bao check | | Audi A4 Apec Sline 2016 model đăng ký lần đầu 2018 63 chiếc toàn lãnh thổ việt nam trang bị nhiều option hơn bản thường | loa bang & olufsen | Body Sline mâm sline | Led nội thất rèm ghế sau , nội thất ốp gỗ | | | |",https://bonbanh.com/xe-audi-a4-2.0-tfsi-2016-6681757,Sedan,Nâu
6602388,Audi,A4,Audi A4 1.8 TFSI 2014,440,440 Triệu,2014,Xe đã dùng,89000.0,Nhập khẩu,Xăng 1.8 L,Số tự động,Trắng,5 chỗ,4 cửa,FWD - Dẫn động cầu trước,Đồng Nai,Nguyễn minh Trung,0906 935 095,Tân Hiệp Biên Hoà Đồng Nai Đồng Nai,,"| | cần bán Audi A4 1.8 TFSI máy mới tiết kiệm nhiên liệu , xe chạy đúng 85k km , ghế da ,vô lăng taplo zin chưa bọc lại , mới thay 4 vỏ mới tinh đăng kiểm mới , bảo dưỡng lớn , máy cầu số zin chưa mở , xe mình đứng tên chính chủ nên mua bán nhanh gọn lẹ , tiếp ae thiện chí | | | |",https://bonbanh.com/xe-audi-a4-1.8-tfsi-2014-6602388,Sedan,Nâu
6663170,Audi,A4,Audi A4 2.0 TFSI 2018,650,650 Triệu,2018,Xe đã dùng,99999.0,Nhập khẩu,Xăng 2.0 L,Số tự động,Đen,5 chỗ,4 cửa,FWD - Dẫn động cầu trước,TP HCM,Tống Phước Minh,0939 945 678 - 0932 784 478,"209 Lạc Long Quân, phường Bình Thới TP HCM",,"| | ""...Cá trong ao so tài cao thấp , ra biển rồi chớ chấp nhặt anh em... "" | | #Audi_A4_ APEC Sản xuất 2017 | - Phiên bản giới hạn - Chỉ 63 chiếc toàn Việt Nam . | - Xe được sử dụng đưa đón các nguyên thủ quốc tế tham dự Hội nghị Apec do Audi tài trợ. | - Full option - Đã lên mâm đồ chơi - Tặng 4 mâm 17in original theo xe. | | Máy móc nguyên zin . bao check trên toàn quốc . | Hỗ trợ Góp đưa trước 30% nhận xe ngay | | | |",https://bonbanh.com/xe-audi-a4-2.0-tfsi-2018-6663170,Sedan,Nâu
6097692,Audi,A4,Audi A4 1.8 TFSI 2013,468,468 Triệu,2013,Xe đã dùng,0.0,Nhập khẩu,Xăng 1.8 L,Số tự động,Trắng,5 chỗ,4 cửa,FWD - Dẫn động cầu trước,TP HCM,Hoàng Hải,0773 747 646,TP. HCM TP HCM,,"| | Audi A4 2013 | | Động cơ : Xăng Máy 1.8L TFSI ( tăng áp phun xăng trực tiếp) | | Hộp số: Tự động 8 cấp | | Sản xuất : 2013 | | Quãng đường : 68.000 Km | | Xe cá nhân , Gia đình sử dụng, gốc Sài Gòn | | Trang bị : Đề Star Stop , Màn hình Android + Camera de, Lót sàn, Phim cách nhiệt,… | | | |",https://bonbanh.com/xe-audi-a4-1.8-tfsi-2013-6097692,Sedan,Đen
6591035,Audi,A4,Audi A4 1.8 TFSI 2013,385,385 Triệu,2013,Xe đã dùng,90000.0,Nhập khẩu,Xăng 1.8 L,Số tự động,Xanh,5 chỗ,4 cửa,FWD - Dẫn động cầu trước,Hà Nội,Ô tô Chất,0902 458 668,"Số 91 Nguyễn Chánh, Cầu Giấy Hà Nội",otochat.bonbanh.com,"| | Audi A4 1.8 TFSI 2013 nhập khẩu Đức | • Màu xanh, nội thất đen | • Đã lên màn hình android, camera,...... | • Xe bảo dưỡng định kỳ tất cả các hạng mục, máy móc hộp số, thân vỏ nguyên bản | • Cam kết: không đâm đụng, không thủy kích, lỗi hoàn xe hoàn tiền | | Chuyên Mua Bán, Trao Đổi tất cả các dòng xe ô tô đã qua sử dụng | | | |",https://bonbanh.com/xe-audi-a4-1.8-tfsi-2013-6591035,Sedan,Đen
6548693,Audi,A4,Audi A4 2.0 TFSI 2016,520,520 Triệu,2016,Xe đã dùng,130000.0,Nhập khẩu,Xăng 2.0 L,Số tự động,Đen,5 chỗ,4 cửa,FWD - Dẫn động cầu trước,Hà Nội,Ngô Mạnh Thước,0982 389 569,Việt Hùng - Đông Anh Hà Nội,,"| | Tìm chủ audi A4 đời 2016 phom mẫu mới trẻ và mạnh mẽ xe cá nhân sử dụng cam kết máy nguyên bản , ko bị đâm va , ngập nước , trang bị nhiều tính năng hiện đại theo xe rất hiện đại mọi cho tiết theo xe còn hoàn hảo giấy tờ pháp lí chuẩn xang tên nhanh gọn ngay xe tại hà nội mời ae lh xem xe | | | |",https://bonbanh.com/xe-audi-a4-2.0-tfsi-2016-6548693,Sedan,Cam
