URL,Mã_Tin,Tên_Xe,Năm sản xuất,Tình trạng,Số Km đã đi,Xuất xứ,Kiểu dáng,Hộp số,Động cơ,Màu ngoại thất,Màu nội thất,Số chỗ ngồi,Số cửa,Dẫn động,Mô_Tả,Người_Liên_Hệ
https://bonbanh.com/xe-toyota-corolla_cross-1.8v-2025-6684937,6684937,"Xe 
			
							Toyota Corolla Cross 
						1.8V 
						2025
						- 805 Triệu",2025,Xe đã dùng,"7,700 Km",Nhập khẩu,SUV,Số tự động,Xăng  1.8 L,Xanh,Đỏ,5 chỗ,5 cửa,FWD - Dẫn động cầu trước,"ĐỈNH CAO SIÊU LƯỚT
 | ✧ Toyota Corolla Cross 1.8V nhập khẩu Thái Lan
 | ✧ Sản xuất: 2025
 | ✧ Số tự động
 | ✧ Máy xăng
 | ✧ Số chỗ ngồi: 5 chỗ
 | ✧ Màu xanh đá – Nội thất đỏ
 | ✧ ODO lăn bánh đúng: 7,700 Km. Chất xe mới 99%, không có chiếc thứ 2 trên thị trường
 | ✧ Bản Full xăng 1.8V trang bị: Gói an toàn adas TSS, camera 360 độ, ghế da cao cấp, cửa sổ trời, camera hành trình, cân bằng điện tử ...
 | ✧ TÌNH TRẠNG XE: Xe không lỗi, (động cơ, hộp số, keo chỉ, khung gầm) zin nguyên bản 100%, bốn vỏ zin theo xe, bánh sơ cua chưa hạ, nội ngoại thất sạch sẽ
 | ✧ XE ĐƯỢC CAM KẾT: Không tai nạn đâm đụng, không ngập nước, không tua km, không phạt nguội
 | ✧ Bao test hãng thầy thợ thoải mái
 | ✧ Hỗ trợ sang tên, giao xe toàn quốc, bảo hành chính hãng tới năm 2029, cam kết chất lượng bằng văn bản, nhận giao lưu trao đổi các dòng xe khác
 | ✧ Giá bán: (còn thương lượng)",Đào Huỳnh Đức
https://bonbanh.com/xe-lexus-lm-500h-2024-6691380,6691380,"Xe 
			
							Lexus LM 
						500h 
						2024
						- 8 Tỷ 579 Triệu",2024,Xe đã dùng,"16,000 Km",Nhập khẩu,Van/Minivan,Số tự động,Hybrid  2.4 L,Trắng,Đen,4 chỗ,5 cửa,AWD - 4 bánh toàn thời gian,"Lexus LM500h – Phiên bản 4 ghế | Đỉnh cao của sự sang trọng
 | Không đơn thuần là một chiếc MPV, Lexus LM500h được tạo ra như một không gian thương gia di động, nơi mỗi hành trình đều trở thành trải nghiệm nghỉ ngơi và thư giãn đúng nghĩa. Phiên bản 4 ghế thương gia mang lại sự riêng tư, tiện nghi và đẳng cấp mà rất ít mẫu xe trên thị trường có thể sánh được. | 
 |  Thông tin xe
 | ✓ Lexus LM500h – phiên bản 4 ghế thương gia
 | ✓ Năm sản xuất: 2024
 | ✓ Odo: 16.000 km
 | ✓ Nội thất khoang sau hạng thương gia với ghế massage, màn hình lớn và vách ngăn riêng tư
 | ✓ Tình trạng xe đẹp, vận hành êm ái đúng chuẩn Lexus | 
 | Một lựa chọn hoàn hảo cho những khách hàng cần:
 | -xe đưa đón doanh nhân / VIP
 | -xe gia đình cao cấp
 | -không gian nghỉ ngơi sang trọng trên mọi hành trình | 
 |  Xem xe trực tiếp Inbox nếu khách đang tìm một chiếc Lexus LM sang trọng, đã qua sử dụng nhưng tình trạng cực đẹp.",Giang Phan
https://bonbanh.com/xe-porsche-macan-2.0-2019-6679056,6679056,"Xe 
			
							Porsche Macan 
						2.0 
						2019
						- 2 Tỷ 199 Triệu",2019,Xe đã dùng,"45,000 Km",Nhập khẩu,SUV,Số tự động,Xăng  2.0 L,Trắng,Đỏ,5 chỗ,5 cửa,AWD - 4 bánh toàn thời gian,"Porsche Macan 2.0 sx2019 - bill option gần 1 tỷ
 | Màu trắng, nội thất đỏ
 | Odo: 45.000km
 | Hỗ trợ trả góp ngân hàng
 | Cam kết: xe không đâm đụng, không ngập nước, không thuỷ kích, không tua kilomet",Hoàng Thọ
https://bonbanh.com/xe-ford-ranger-wildtrak-2.0l-4x4-at-2021-6643303,6643303,"Xe 
			
							Ford Ranger 
						Wildtrak 2.0L 4x4 AT 
						2021
						- 760 Triệu",2021,Xe đã dùng,0 Km,Nhập khẩu,Bán tải / Pickup,Số tự động,Dầu  2.0 L,Cam,Đen,5 chỗ,4 cửa,4WD - Dẫn động 4 bánh,"FORD RANGER WT 2.0l 2cầu
 | ✓Sản xuất: 2021
 | ✓Xe xuất hóa đơn đủ
 | ✓Bảo hành chính hãng 1 năm/20.000km
 | ✓Màu: Cam
 | ✓Phụ kiện đi kèm:
 | - Phim cách nhiệt
 | - Lót sàn",Như Ngọc
https://bonbanh.com/xe-mercedes_benz-glc-300-4matic-2021-6622063,6622063,"Xe 
			
							Mercedes Benz GLC 
						300 4Matic 
						2021
						- 1 Tỷ 699 Triệu",2021,Xe đã dùng,"24,000 Km",Lắp ráp trong nước,SUV,Số tự động,Xăng  2.0 L,Trắng,Kem,5 chỗ,5 cửa,AWD - 4 bánh toàn thời gian,"Commingsoon Mercedes GLC 300 4matic 2022
 | ✓Sản xuất: 2021
 | ✔ ODO: 24000 km 
 | ✔ BD chính hãng Mercedes toàn quốc 
 | ✔ Biển thành phố Hà Nội 
 | ✔ Màu trắng nội thất kem 
 |  Tặng ngay gói spa và phủ Ceramic.
 | ⚠️ Xe không đâm đụng, không ngập nước, km chuẩn. Tất cả xe đã được kiểm tra check test cẩn thận trước khi chào ra thị trường.
 |  NH hỗ trợ 70% thời gian 5 năm  | 
 | ThếGiớiXeĐức TGXĐ Địa chỉ uy tín bán Mercedes, maybach, Audi, BMW, Porches, Range Rover
 |  ĐC - Số 6-8 Nguyễn Văn Cừ, Bồ Đề, LB, HN",Thế Giới Xe Đức
https://bonbanh.com/xe-toyota-corolla_cross-1.8g-2021-6693976,6693976,"Xe 
			
							Toyota Corolla Cross 
						1.8G 
						2021
						- 630 Triệu",2021,Xe đã dùng,"22,000 Km",Nhập khẩu,SUV,Số tự động,Xăng  1.8 L,Xanh,Đen,5 chỗ,5 cửa,FWD - Dẫn động cầu trước,"Toyota corolla Cross sx 2021 1.8G 
 | Tên cá nhân. Biển Hà Nội
 | Odo 2,2 vạn km zin,full ls hãng. 
 | Sơn zin. 90%
 | Cam kết k đâm va thủy kích. 
 | Khung giằng, sắt xi. Cột kèo, keo chỉ. Nguyên bản. 
 | Hỗ trợ bank 70%",C2 Auto
https://bonbanh.com/xe-mg-5-luxury-1.5-at-2024-6687877,6687877,"Xe 
			
							MG 5 
						Luxury 1.5 AT 
						2024
						- 445 Triệu",2024,Xe đã dùng,"15,000 Km",Nhập khẩu,Sedan,Số tự động,Xăng  1.5 L,Vàng,Đen,5 chỗ,4 cửa,FWD - Dẫn động cầu trước,"MG5 2024 Luxury 
 | Odo 15.000Km 
 | Xe nhập Thái Lan
 | Trang bị: trần sao rơi, thảm taplo, thảm sàn, cửa sổ trời, mâm phay thể thao , cam 360, phanh tay điện tử, đồng hồ điện tử, ghế lái chỉnh điện, ghế da phong cách thể thao có phối viền đỏ, ... 
 | - Bảo hành chính hãng 5 năm không giới hạn km",Ô Tô Lướt Bình Dương
https://bonbanh.com/xe-toyota-camry-2.5q-2013-6558882,6558882,"Xe 
			
							Toyota Camry 
						2.5Q 
						2013
						- 459 Triệu",2013,Xe đã dùng,0 Km,Lắp ráp trong nước,Sedan,Số tự động,Xăng  2.5 L,Đen,Đen,5 chỗ,4 cửa,FWD - Dẫn động cầu trước,"Toyota Camry 2.5 Q 2013 bản full kịch zin toàn bộ xe, bao check test, bảo hành động cơ 06 tháng. Phát hiện lỗi thanh toán taxi 2 chiều đi lại cho khách hàng.",Sáng Trần ÔTô
https://bonbanh.com/xe-vinfast-lux_sa_2.0-premium-2.0-at-2021-6692183,6692183,"Xe 
			
							VinFast Lux SA 2.0 
						Premium 2.0 AT 
						2021
						- 718 Triệu",2021,Xe đã dùng,"70,000 Km",Lắp ráp trong nước,SUV,Số tự động,Xăng  2.0 L,Đen,Nâu,7 chỗ,5 cửa,AWD - 4 bánh toàn thời gian,"Lux SA Premium (full) sx 2021 màu đen, nội thất màu coffee thịnh hành nhất
 | (Khẳng định là chiếc xe vượt trội nhất thị trường chuyển nhượng về độ đẹp, đi giữ trong tầm tiền cùng đời sx 2021) | 
 |  Pháp lý chính chủ tư nhân
 |  7 vạn km (không tour)
 |  Trang bị full thiết bị của bản Premium: 2 ghế trước chỉnh điện, cam 360 và nhiều tính năng hiện đại của bản full
 |  Độ thêm: phim cách nhiệt Mỹ 3M chính hãng, thảm sàn | 
 |  Cam kết: dứt khoát toàn xe nguyên bản (ngập nước, thủy kích, tu bổ động cơ = 0).
 | Sơn zin 85%, kết cấu nguyên zin, không 1 cm keo chỉ, cột kèo, 6 kính, gầm, càng nguyên zin, 4 cánh, capo, cốp sau... 2 tai zin 100% | 
 |  Hỗ trợ hồ sơ, test bất kỳ hãng, garage hay thợ xem do khách chỉ định, ship tận nơi. | 
 | Khách phát hiện lỗi nhỏ không đúng với miêu tả, trả full đủ tiền và đền khách 10–20 triệu công đi lại giao dịch. | 
 | Cam kết bằng văn bản kèm video khi giao xe, uy tín tại showroom.",Việt Hùng Auto
https://bonbanh.com/xe-mercedes_benz-c_class-c200-avantgarde-2007-6691296,6691296,"Xe 
			
							Mercedes Benz C class 
						C200 Avantgarde 
						2007
						- 199 Triệu",2007,Xe đã dùng,"80,000 Km",Lắp ráp trong nước,Sedan,Số tự động,Xăng  1.8 L,Đen,Đen,5 chỗ,4 cửa,RFD - Dẫn động cầu sau,"Mercedes Benz C200 sx 2007. Mới đi chỉ 8 vạn km ( siêu ít cho một chiếc xe 18 năm). Máy móc nguyên zin khô ráo. Thuộc lô đầu tiên lắp ráp trong nước nên 80% linh kiện là nhập Đức, loa Harman Kardon, có lốp sơ cua.",HT Car Auto
https://bonbanh.com/xe-ford-f150-limited-2016-6683819,6683819,"Xe 
			
							Ford F150 
						Limited 
						2016
						- 2 Tỷ 130 Triệu",2016,Xe đã dùng,"53,000 Km",Nhập khẩu,Bán tải / Pickup,Số tự động,Xăng  3.5 L,Trắng,Nâu,5 chỗ,4 cửa,4WD - Dẫn động 4 bánh,"DUY NHẤT TRÊN THỊ TRƯỜNG.
 | KHỦNG LONG NHẬP MỸ.
 | - Ford F150 Limited sx 2016 đăng ký lần đầu 2017, Odo: 53,000Miles siêu mới, biển A ko niên hạn ( Ô tô con Pickup ), siêu hiếm trên thị trường. Xe trang bị động cơ xăng V6 3.5L Ecoboost cho công suất 365hp. Xe trang bị full kịch Option: cửa trời toàn cảnh, cam 360, cảnh báo điểm mù, lazang 22inch, ghế massage, sưởi và làm mát ghế, nắp cuộn điện..vv
 | - Xe nguyên bản, cực mới, kiểm tra và giao xe toàn quốc.",Hà Nội - Auto
https://bonbanh.com/xe-toyota-fortuner-2.4g-4x2-mt-2020-6631758,6631758,"Xe 
			
							Toyota Fortuner 
						2.4G 4x2 MT 
						2020
						- 715 Triệu",2020,Xe đã dùng,14 Km,Lắp ráp trong nước,SUV,Số tay,Dầu  2.4 L,Trắng,Đen,7 chỗ,5 cửa,RFD - Dẫn động cầu sau,"AUTO SƠN HÀ 
 |  Toyota Fortuner 2.4G 4x2 MT - 2020 cực mượt, một chiếc SUV được thịnh hành nhất nhì tại thị trường Việt Nam.
 |  Xe màu trắng , máy dầu 1 cầu, biển trắng, 1 chủ từ mới
 |  ODO : 140.000 km 
 |  Chiếc xe Fortuner mang dáng dấp hầm hố và đẳng cấp. Xe đi chơi, xe gia đình, xe đi công việc cũng quá hợp lí,trang bị hàng loạt tính năng an toàn và hiện đại ...
 |  ---
 | ✓ Cam kết không đâm đụng, ngập nước, động cơ nguyên bản
 | ✓ Hỗ trợ thủ tục vay ngân hàng
 | ✓ Hỗ trợ thủ tục pháp lý sang tên, di chuyển
 | ✓ Bao check, test toàn quốc
 | ✓ Tư vấn 24/7 mọi vấn đề về xe",Auto Sơn Hà
https://bonbanh.com/xe-lexus-lx-570-2018-6549515,6549515,"Xe 
			
							Lexus LX 
						570 
						2018
						- 5 Tỷ 950 Triệu",2018,Xe đã dùng,"93,000 Km",Nhập khẩu,SUV,Số tự động,Xăng  5.7 L,Trắng,Đỏ,7 chỗ,5 cửa,AWD - 4 bánh toàn thời gian,"Lexus LX570
 | - Sx 2018 odo 93.000 Km
 | - màu Trắng nội thất Đỏ đô
 | - Bản 8 ghế, nhập Nhật Bản
 | - động cơ V8 5.7L AT 8 cấp
 | - 362 Mã / 530 Nm
 | - Dẫn động Awd
 | ✓ Option:
 | - Nâng hạ gầm, cửa sổ trời
 | - 2 màn hình gối đầu
 | - Cam 360, hắt kính Hud
 | - Cốp điện, hộp lạnh, hàng ghế 3 xếp điện
 | - Sưởi, làm mát lưng ghế, nhớ 3 vị trí
 | - Loa 3d Mark Levision
 | - 3 chế độ lái, vô lăng chỉnh điện
 | - Cruise control, lẫy sang số thể thao
 | - Kết nối đt, ra lệnh giọng nói
 | - 10 túi khí....
 | ⚠️ Xe bảo dưỡng chính hãng đầy đủ
 |  4 Cam Kết Bán Hàng:
 | 1 - Số Km trung thực
 | 2 - Động cơ, khung gầm nguyên bản theo nhà sx
 | 3 - Không ta i nạ n
 | 4 - Không thủy kích
 | - Bank hỗ trợ 60-65%
 |  Auto Xuyên Á 720 Trường Chinh - Tân Bình - Tphcm",Salon Auto Xuyên Á
https://bonbanh.com/xe-hyundai-accent-1.4-mt-2021-6694479,6694479,"Xe 
			
							Hyundai Accent 
						1.4 MT 
						2021
						- 319 Triệu",2021,Xe đã dùng,"100,000 Km",Lắp ráp trong nước,Sedan,Số tay,Xăng  1.4 L,Trắng,Kem,5 chỗ,4 cửa,FWD - Dẫn động cầu trước,"* Accent 1.4 MT bản Đủ - sản xuất 2021 - ODO 10 Vạn km xe cực chất!
 | Tình trạng: xe có bị lỗi đít (mất chỉ cốp)
 | Còn lại zin hết - cả hệ thống kính zin theo xe.  | 
 | - Tất cả xe bán ra đều có cam kết:
 | - Bao check test bên thứ 3
 | - Bao quay đầu hoặc đổi các lên đời
 | - Pháp lý chuẩn chỉ (sang tên chính chủ)
 | - Hỗ trợ vay bank 70% giá trị xe
 | - Hỗ trợ vận chuyển xe toàn quốc
 | Chi tiết xem xe và trải nghiệm tại: VINH QUANG AUTO - Linh Đàm - Hà Nội | 
 | VINH QUANG AUTO --- Xe chất - Giá tốt!",Vinh Quang Auto
https://bonbanh.com/xe-toyota-land_cruiser-3.5-v6-2024-6685845,6685845,"Xe 
			
							Toyota Land Cruiser 
						3.5 V6 
						2024
						- 5 Tỷ 280 Triệu",2024,Xe đã dùng,"30,000 Km",Nhập khẩu,SUV,Số tự động,Xăng  3.4 L,Đồng,Kem,7 chỗ,5 cửa,AWD - 4 bánh toàn thời gian,"Liên hệ ngay để được tư vấn chi tiết về sản phẩm và các trang thiết bị được lắp thêm theo xe!
 | Xe đã qua sử dụng chính hãng tại Toyota Pháp Vân
 | Xe đã được kiểm tra 176 hạng mục theo tiêu chuẩn của Toyota.
 | Xe được bảo hành và cam kết khung gầm, động cơ hộp số nguyên bản. Cam kết xe không đâm đụng, không bị ngập nước thuỷ kích.
 | Có hỗ trợ vay ngân hàng từ 70-75% giá trị xe
 | Ưu tiên thu mua đổi xe cũ lấy xe mới, xe cũ lấy xe cũ đời cao.
 | Gọi em ngay để được mua giá tốt.
 | Cám ơn quý khách đã quan tâm và sử dụng dịch vụ!",Toyota Sure Pháp Vân
https://bonbanh.com/xe-mini-cooper-s-5-door-2022-6667063,6667063,"Xe 
			
							Mini Cooper 
						S 5 Door 
						2022
						- 1 Tỷ 558 Triệu",2022,Xe đã dùng,"6,666 Km",Nhập khẩu,Hatchback,Số tự động,Xăng  2.0 L,Xám,Nâu,5 chỗ,5 cửa,FWD - Dẫn động cầu trước,"#MINI_Cooper_S 5 Door Model 2023 Odo 6.666 Miles ( Mini 3 Cửa Cực Xinh ).  | 
 |  Màu Xám Rooftop Grey / nội thất Nâu
 |  Động cơ BMW 2.0L TwinPower Turbo công suất 192 mã lực và mô-men xoắn cực đại 280Nm. Hộp số ly hợp kép 7 cấp Steptronic.
 |  Xe trang bị: Đèn pha Full LED, mâm 1i inch Pulse Spoke, ghế da Chester Malt cao cấp, cửa sổ trời, 6 loa cao cấp, màn hình cảm ứng 8.8 inch, Apple Carplay không dây, vô lăng bọc da nappa, camera lùi,... | 
 |  Bảo hành chính hãng không giới hạn km ,Bao test hãng Toàn Quốc.
 |  Tặng ngay gói chăm sóc xe và phủ Ceramic cao cấp .
 |  CAM KẾT ; xe không đâm đụng, không ngập nước, km chuẩn.
 |  Ngân hàng hỗ trợ 70% _90% .
 |  Giá tham khảo : 1.Tỷ xxx VND",Phát Đạt Luxury Car
https://bonbanh.com/xe-mercedes_benz-s_class-s450-4matic-maybach-2020-6649708,6649708,"Xe 
			
							Mercedes Benz S class 
						S450 4Matic Maybach 
						2020
						- 4 Tỷ 499 Triệu",2020,Xe đã dùng,"42,000 Km",Nhập khẩu,Sedan,Số tự động,Xăng  3.0 L,Đen,Kem,4 chỗ,4 cửa,AWD - 4 bánh toàn thời gian,"#Mercedes_Maybach_S450 sản xuất 2020 lăn bánh chuẩn 41.111 km . Chất xe cực kỳ mới , đẹp không tỳ vết.  | 
 | Màu đen nội thất kem siêu hiếm , xe bảo dưỡng full lịch sử hãng , 1 xe duy nhất thị trường !",Mr Phong La
https://bonbanh.com/xe-ford-ranger-xls-2.0l-4x2-at-2026-6621043,6621043,"Xe 
			
							Ford Ranger 
						XLS 2.0L 4x2 AT 
						2026
						- 595 Triệu",2026,Xe mới,,Lắp ráp trong nước,Bán tải / Pickup,Số tự động,Dầu  2.0 L,Trắng,Đen,5 chỗ,4 cửa,RFD - Dẫn động cầu sau,"Ford Ranger XLS 2.0L 4x2 AT 2026 | 
 | Xe sẵn đủ màu, giao ngay
 | Cam kết giá tốt, cạnh tranh
 | Hỗ trợ TG lãi suất tốt, thủ tục giải ngân nhanh
 | Tư vấn tận tâm, tận tình | 
 | Ford Ranger XLS 2.0L 4x2 AT 2026 | 
 | - Ngoại hình mới hầm hố đậm chất Mỹ, thiết kế cụm đèn chữ C kiểu F150
 | - Nội thất rộng rãi 5 chỗ ngồi
 | - Động cơ Diesel 2.0L mới 170 mã lực
 | - Số tự động 6 cấp mới
 | - Tay lái trợ lực điện
 | - Rất tiếp kiệm dầu
 | - An toàn ABS, EDB, kiểm soát lật xe+trọng tải, Cruise - Lim Control, khởi hành ngang dốc
 | - 6 túi khí
 | - Hệ thống Sync 4A, màn hình cảm ứng 10 "". Kết nối Carplay, Androi Auto
 | - Màn hình công tơ mét 8 ""
 | ———————————————————
 | Tư vấn - Phục vụ 24/7 cho ACE khi cần hỗ trợ về xe",Hà Nội Ford
https://bonbanh.com/xe-toyota-alphard-luxury-executive-lounge-2018-6568875,6568875,"Xe 
			
							Toyota Alphard 
						Luxury Executive Lounge 
						2018
						- 2 Tỷ 599 Triệu",2018,Xe đã dùng,"84,000 Km",Nhập khẩu,Van/Minivan,Số tự động,Xăng  3.5 L,Đen,Đen,7 chỗ,5 cửa,FWD - Dẫn động cầu trước,"Bách Hải auto luxury car
 | Xe đang bán :Toyota Alphard
 | Sản xuất : 2018
 | Odo : 84.000km
 | - Hệ thống âm thanh chất lượng cao với 17 loa JBL
 | -ghế VIP/chuyên cơ có thể chỉnh điện + đệm đỡ chân, mang lại tư thế ngồi rất thoải mái
 | -có màn hình riêng cho hàng ghế sau, giúp hành khách phía sau giải trí khi di chuyển.
 | -Lên ghế masage, màn hình android
 | Hỗ trợ bank 70% giá trị xe
 | * Cam kết chất lượng xe trên hợp đồng
 | • Giao xe và rút hồ sơ xe toàn quốc
 | Chi tiết vui lòng liên hệ theo số hotline
 | Showroom Bách Hải Auto - Thương hiệu đc khẳng định
 | Địa chỉ : 15 Lê Văn Lương - Trung Hòà - Cầu Giấy - Hà Nội",Bách Hải Auto
https://bonbanh.com/xe-mercedes_benz-s_class-s450-4matic-luxury-2023-6524176,6524176,"Xe 
			
							Mercedes Benz S class 
						S450 4Matic Luxury 
						2023
						- 3 Tỷ 800 Triệu",2023,Xe đã dùng,"12,000 Km",Nhập khẩu,Sedan,Số tự động,Xăng  3.0 L,Xanh,Đen,5 chỗ,4 cửa,AWD - 4 bánh toàn thời gian,"Mercedes S450 Luxury 4matic Model 2023, màu xanh đen, nội thất đen, đẹp xuất sắc, chắc chắn chuẩn bao test kiểm tra chính hãng. 
 | - Lăn bánh được 12.000km.
 | - Bảo hành chính hãng không giới hạn Km đến cuối năm 2026.
 | - S450 Luxury 4matic đời mới có thiết kế mới.
 | - Hệ thống âm thanh 3D Burmester.
 | - Ghế thương gia, Massage. 
 | - Động cơ Mild-Hybrid tiết kiệm và cực kỳ êm ái.
 | - Xe nhập Chính hãng Xuất hóa đơn .tương đương giá bán xuất đủ
 | _.
 | Auto Minh Luân cam kết:
 | + Đảm bảo không tai nạn ngập nước,
 | + Máy móc nguyên zin,
 | + Tình trạng xe còn rất mới 90/100.
 | _.
 | - Hỗ trợ khách hàng làm thủ tục vay trả góp ngân hàng lãi suất thấp
 | - Mọi thông tin về xe xin hãy liên hệ để được tư vấn tốt nhất. AUTO MINH LUAN. Salon hỗ trợ khách hàng làm thủ tục vay trả góp ngân hàng lãi suất thấp. Quý khách quan tâm vui lòng liên hệ MINH LUAN AUTO để biết thêm thông tin chi tiết.",Salon Auto Minh Luân
https://bonbanh.com/xe-hyundai-i10-grand-1.0-mt-base-2014-6693800,6693800,"Xe 
			
							Hyundai i10 
						Grand 1.0 MT Base 
						2014
						- 133 Triệu",2014,Xe đã dùng,0 Km,Nhập khẩu,Hatchback,Số tay,Xăng  1.0 L,Bạc,Nâu,5 chỗ,5 cửa,FWD - Dẫn động cầu trước,Hyundai I10 SX năm 2014 không lỗi nhỏ đẹp như mới màn hình gương kính điện tư nhân giá chọn gói ra tên chính chủ,Mê Linh Car
https://bonbanh.com/xe-volvo-s90-lwb-ultimate-b6-awd-2022-6683095,6683095,"Xe 
			
							Volvo S90 
						LWB Ultimate B6 AWD 
						2022
						- 1 Tỷ 669 Triệu",2022,Xe đã dùng,"10,000 Km",Nhập khẩu,Sedan,Số tự động,Xăng  2.0 L,Đen,Nâu,5 chỗ,4 cửa,AWD - 4 bánh toàn thời gian,"Volvo S90 LWB B6 Ultimate - Mẫu sedan sang trọng lịch lãm đáng đồng tiền bát gạo
 | Xe chất từng chi tiết , bao check test toàn quốc 
 | Cam kết bằng văn bản không đâm đụng , thuỷ kích
 | Hỗ trợ thủ tục ngân hàng nhanh gọn
 | ACE quan tâm vui lòng liên hệ để biết thông tin chi tiết",Nguyễn Hữu Trung
https://bonbanh.com/xe-hyundai-accent-1.5-at-2024-6663386,6663386,"Xe 
			
							Hyundai Accent 
						1.5 AT 
						2024
						- 465 Triệu",2024,Xe đã dùng,"30,000 Km",Lắp ráp trong nước,Sedan,Số tự động,Xăng  1.5 L,Đỏ,Đen,5 chỗ,4 cửa,FWD - Dẫn động cầu trước,Hyundai accent sx 2024 bản 1.5 AT xe biển hà nội chạy 3 vạn mới như trong hẵng hỗ trợ bank 70% giá trị xe,Chợ Ô Tô Hoài Đức 79
https://bonbanh.com/xe-toyota-corolla_altis-1.8g-at-2009-6633153,6633153,"Xe 
			
							Toyota Corolla altis 
						1.8G AT 
						2009
						- 289 Triệu",2009,Xe đã dùng,"120,000 Km",Lắp ráp trong nước,Sedan,Số tự động,Xăng  1.8 L,Bạc,Kem,5 chỗ,4 cửa,FWD - Dẫn động cầu trước,Xe không đâm va tai nạn không ngập nước 1 chủ mua mới từ đầu zin hết siêu đẹp,Huy Long Auto
https://bonbanh.com/xe-vinfast-limo-green-at-2025-6168735,6168735,"Xe 
			
							VinFast Limo Green 
						AT 
						2025
						- 749 Triệu",2025,Xe mới,,Lắp ráp trong nước,SUV,Số tự động,Điện,Đỏ,-,7 chỗ,5 cửa,FWD - Dẫn động cầu trước,"LIMO GREEN – XE GIA ĐÌNH, XE CỦA NHÀ MÌNH!  | 
 |  Không gian rộng rãi, tăng kết nối cả gia đình với thiết kế 7 chỗ, có thể gập hàng ghế 2 và 3 phù hợp cho những chuyến đi xa hay hành trình hằng ngày. | 
 |  Quãng đường di chuyển hơn 400km sau mỗi lần sạc, sẵn sàng chinh phục mọi hành trình | 
 |  Hiệu suất vượt trội với công suất tối đa 150 kW/280 Nm, mang lại trải nghiệm lái êm ái và đầy phấn khích. | 
 | Limo Green – Sự lựa chọn hoàn hảo cho những gia đình yêu thích sự tiện nghi, bền bỉ và thân thiện với môi trường!",Salon Ô tô Vững Giang
https://bonbanh.com/xe-toyota-corolla_cross-1.8g-2021-6688878,6688878,"Xe 
			
							Toyota Corolla Cross 
						1.8G 
						2021
						- 645 Triệu",2021,Xe đã dùng,"22,000 Km",Nhập khẩu,SUV,Số tự động,Xăng  1.8 L,Xanh,Đen,5 chỗ,5 cửa,FWD - Dẫn động cầu trước,"Cần bán:
 | Toyota Cross 1.8G sx 2021 
 | chạy đúng 2,2v km zin,full lịch sử hãng
 | Màu xanh,biển HN!
 | Xe đẹp ko lỗi,lấy cho người nhà yên tâm tuyệt đối!",Hải Đậu
https://bonbanh.com/xe-kia-carnival-signature-2.2d-2025-6691931,6691931,"Xe 
			
							Kia Carnival 
						Signature 2.2D 
						2025
						- 1 Tỷ 589 Triệu",2025,Xe đã dùng,"18,000 Km",Lắp ráp trong nước,Van/Minivan,Số tự động,Dầu  2.2 L,Đỏ,Nâu,7 chỗ,5 cửa,FWD - Dẫn động cầu trước,"Kia Carnival 2.2D Signature sx2025
 | Màu đỏ, nội thất nâu
 | Odo: 18.000km
 | Hỗ trợ trả góp ngân hàng
 | Cam kết: xe không đâm đụng, không ngập nước, không thuỷ kích, không tua kilomet",Hoàng Thọ
https://bonbanh.com/xe-toyota-corolla_cross-1.8v-2025-6684937,6684937,"Xe 
			
							Toyota Corolla Cross 
						1.8V 
						2025
						- 805 Triệu",2025,Xe đã dùng,"7,700 Km",Nhập khẩu,SUV,Số tự động,Xăng  1.8 L,Xanh,Đỏ,5 chỗ,5 cửa,FWD - Dẫn động cầu trước,"ĐỈNH CAO SIÊU LƯỚT
 | ✧ Toyota Corolla Cross 1.8V nhập khẩu Thái Lan
 | ✧ Sản xuất: 2025
 | ✧ Số tự động
 | ✧ Máy xăng
 | ✧ Số chỗ ngồi: 5 chỗ
 | ✧ Màu xanh đá – Nội thất đỏ
 | ✧ ODO lăn bánh đúng: 7,700 Km. Chất xe mới 99%, không có chiếc thứ 2 trên thị trường
 | ✧ Bản Full xăng 1.8V trang bị: Gói an toàn adas TSS, camera 360 độ, ghế da cao cấp, cửa sổ trời, camera hành trình, cân bằng điện tử ...
 | ✧ TÌNH TRẠNG XE: Xe không lỗi, (động cơ, hộp số, keo chỉ, khung gầm) zin nguyên bản 100%, bốn vỏ zin theo xe, bánh sơ cua chưa hạ, nội ngoại thất sạch sẽ
 | ✧ XE ĐƯỢC CAM KẾT: Không tai nạn đâm đụng, không ngập nước, không tua km, không phạt nguội
 | ✧ Bao test hãng thầy thợ thoải mái
 | ✧ Hỗ trợ sang tên, giao xe toàn quốc, bảo hành chính hãng tới năm 2029, cam kết chất lượng bằng văn bản, nhận giao lưu trao đổi các dòng xe khác
 | ✧ Giá bán: (còn thương lượng)",Đào Huỳnh Đức
https://bonbanh.com/xe-lexus-lm-500h-2024-6691380,6691380,"Xe 
			
							Lexus LM 
						500h 
						2024
						- 8 Tỷ 579 Triệu",2024,Xe đã dùng,"16,000 Km",Nhập khẩu,Van/Minivan,Số tự động,Hybrid  2.4 L,Trắng,Đen,4 chỗ,5 cửa,AWD - 4 bánh toàn thời gian,"Lexus LM500h – Phiên bản 4 ghế | Đỉnh cao của sự sang trọng
 | Không đơn thuần là một chiếc MPV, Lexus LM500h được tạo ra như một không gian thương gia di động, nơi mỗi hành trình đều trở thành trải nghiệm nghỉ ngơi và thư giãn đúng nghĩa. Phiên bản 4 ghế thương gia mang lại sự riêng tư, tiện nghi và đẳng cấp mà rất ít mẫu xe trên thị trường có thể sánh được. | 
 |  Thông tin xe
 | ✓ Lexus LM500h – phiên bản 4 ghế thương gia
 | ✓ Năm sản xuất: 2024
 | ✓ Odo: 16.000 km
 | ✓ Nội thất khoang sau hạng thương gia với ghế massage, màn hình lớn và vách ngăn riêng tư
 | ✓ Tình trạng xe đẹp, vận hành êm ái đúng chuẩn Lexus | 
 | Một lựa chọn hoàn hảo cho những khách hàng cần:
 | -xe đưa đón doanh nhân / VIP
 | -xe gia đình cao cấp
 | -không gian nghỉ ngơi sang trọng trên mọi hành trình | 
 |  Xem xe trực tiếp Inbox nếu khách đang tìm một chiếc Lexus LM sang trọng, đã qua sử dụng nhưng tình trạng cực đẹp.",Giang Phan
https://bonbanh.com/xe-porsche-macan-2.0-2019-6679056,6679056,"Xe 
			
							Porsche Macan 
						2.0 
						2019
						- 2 Tỷ 199 Triệu",2019,Xe đã dùng,"45,000 Km",Nhập khẩu,SUV,Số tự động,Xăng  2.0 L,Trắng,Đỏ,5 chỗ,5 cửa,AWD - 4 bánh toàn thời gian,"Porsche Macan 2.0 sx2019 - bill option gần 1 tỷ
 | Màu trắng, nội thất đỏ
 | Odo: 45.000km
 | Hỗ trợ trả góp ngân hàng
 | Cam kết: xe không đâm đụng, không ngập nước, không thuỷ kích, không tua kilomet",Hoàng Thọ
https://bonbanh.com/xe-ford-ranger-wildtrak-2.0l-4x4-at-2021-6643303,6643303,"Xe 
			
							Ford Ranger 
						Wildtrak 2.0L 4x4 AT 
						2021
						- 760 Triệu",2021,Xe đã dùng,0 Km,Nhập khẩu,Bán tải / Pickup,Số tự động,Dầu  2.0 L,Cam,Đen,5 chỗ,4 cửa,4WD - Dẫn động 4 bánh,"FORD RANGER WT 2.0l 2cầu
 | ✓Sản xuất: 2021
 | ✓Xe xuất hóa đơn đủ
 | ✓Bảo hành chính hãng 1 năm/20.000km
 | ✓Màu: Cam
 | ✓Phụ kiện đi kèm:
 | - Phim cách nhiệt
 | - Lót sàn",Như Ngọc
https://bonbanh.com/xe-mercedes_benz-glc-300-4matic-2021-6622063,6622063,"Xe 
			
							Mercedes Benz GLC 
						300 4Matic 
						2021
						- 1 Tỷ 699 Triệu",2021,Xe đã dùng,"24,000 Km",Lắp ráp trong nước,SUV,Số tự động,Xăng  2.0 L,Trắng,Kem,5 chỗ,5 cửa,AWD - 4 bánh toàn thời gian,"Commingsoon Mercedes GLC 300 4matic 2022
 | ✓Sản xuất: 2021
 | ✔ ODO: 24000 km 
 | ✔ BD chính hãng Mercedes toàn quốc 
 | ✔ Biển thành phố Hà Nội 
 | ✔ Màu trắng nội thất kem 
 |  Tặng ngay gói spa và phủ Ceramic.
 | ⚠️ Xe không đâm đụng, không ngập nước, km chuẩn. Tất cả xe đã được kiểm tra check test cẩn thận trước khi chào ra thị trường.
 |  NH hỗ trợ 70% thời gian 5 năm  | 
 | ThếGiớiXeĐức TGXĐ Địa chỉ uy tín bán Mercedes, maybach, Audi, BMW, Porches, Range Rover
 |  ĐC - Số 6-8 Nguyễn Văn Cừ, Bồ Đề, LB, HN",Thế Giới Xe Đức
https://bonbanh.com/xe-toyota-corolla_cross-1.8g-2021-6693976,6693976,"Xe 
			
							Toyota Corolla Cross 
						1.8G 
						2021
						- 630 Triệu",2021,Xe đã dùng,"22,000 Km",Nhập khẩu,SUV,Số tự động,Xăng  1.8 L,Xanh,Đen,5 chỗ,5 cửa,FWD - Dẫn động cầu trước,"Toyota corolla Cross sx 2021 1.8G 
 | Tên cá nhân. Biển Hà Nội
 | Odo 2,2 vạn km zin,full ls hãng. 
 | Sơn zin. 90%
 | Cam kết k đâm va thủy kích. 
 | Khung giằng, sắt xi. Cột kèo, keo chỉ. Nguyên bản. 
 | Hỗ trợ bank 70%",C2 Auto
https://bonbanh.com/xe-mg-5-luxury-1.5-at-2024-6687877,6687877,"Xe 
			
							MG 5 
						Luxury 1.5 AT 
						2024
						- 445 Triệu",2024,Xe đã dùng,"15,000 Km",Nhập khẩu,Sedan,Số tự động,Xăng  1.5 L,Vàng,Đen,5 chỗ,4 cửa,FWD - Dẫn động cầu trước,"MG5 2024 Luxury 
 | Odo 15.000Km 
 | Xe nhập Thái Lan
 | Trang bị: trần sao rơi, thảm taplo, thảm sàn, cửa sổ trời, mâm phay thể thao , cam 360, phanh tay điện tử, đồng hồ điện tử, ghế lái chỉnh điện, ghế da phong cách thể thao có phối viền đỏ, ... 
 | - Bảo hành chính hãng 5 năm không giới hạn km",Ô Tô Lướt Bình Dương
https://bonbanh.com/xe-toyota-camry-2.5q-2013-6558882,6558882,"Xe 
			
							Toyota Camry 
						2.5Q 
						2013
						- 459 Triệu",2013,Xe đã dùng,0 Km,Lắp ráp trong nước,Sedan,Số tự động,Xăng  2.5 L,Đen,Đen,5 chỗ,4 cửa,FWD - Dẫn động cầu trước,"Toyota Camry 2.5 Q 2013 bản full kịch zin toàn bộ xe, bao check test, bảo hành động cơ 06 tháng. Phát hiện lỗi thanh toán taxi 2 chiều đi lại cho khách hàng.",Sáng Trần ÔTô
https://bonbanh.com/xe-vinfast-lux_sa_2.0-premium-2.0-at-2021-6692183,6692183,"Xe 
			
							VinFast Lux SA 2.0 
						Premium 2.0 AT 
						2021
						- 718 Triệu",2021,Xe đã dùng,"70,000 Km",Lắp ráp trong nước,SUV,Số tự động,Xăng  2.0 L,Đen,Nâu,7 chỗ,5 cửa,AWD - 4 bánh toàn thời gian,"Lux SA Premium (full) sx 2021 màu đen, nội thất màu coffee thịnh hành nhất
 | (Khẳng định là chiếc xe vượt trội nhất thị trường chuyển nhượng về độ đẹp, đi giữ trong tầm tiền cùng đời sx 2021) | 
 |  Pháp lý chính chủ tư nhân
 |  7 vạn km (không tour)
 |  Trang bị full thiết bị của bản Premium: 2 ghế trước chỉnh điện, cam 360 và nhiều tính năng hiện đại của bản full
 |  Độ thêm: phim cách nhiệt Mỹ 3M chính hãng, thảm sàn | 
 |  Cam kết: dứt khoát toàn xe nguyên bản (ngập nước, thủy kích, tu bổ động cơ = 0).
 | Sơn zin 85%, kết cấu nguyên zin, không 1 cm keo chỉ, cột kèo, 6 kính, gầm, càng nguyên zin, 4 cánh, capo, cốp sau... 2 tai zin 100% | 
 |  Hỗ trợ hồ sơ, test bất kỳ hãng, garage hay thợ xem do khách chỉ định, ship tận nơi. | 
 | Khách phát hiện lỗi nhỏ không đúng với miêu tả, trả full đủ tiền và đền khách 10–20 triệu công đi lại giao dịch. | 
 | Cam kết bằng văn bản kèm video khi giao xe, uy tín tại showroom.",Việt Hùng Auto
https://bonbanh.com/xe-mercedes_benz-c_class-c200-avantgarde-2007-6691296,6691296,"Xe 
			
							Mercedes Benz C class 
						C200 Avantgarde 
						2007
						- 199 Triệu",2007,Xe đã dùng,"80,000 Km",Lắp ráp trong nước,Sedan,Số tự động,Xăng  1.8 L,Đen,Đen,5 chỗ,4 cửa,RFD - Dẫn động cầu sau,"Mercedes Benz C200 sx 2007. Mới đi chỉ 8 vạn km ( siêu ít cho một chiếc xe 18 năm). Máy móc nguyên zin khô ráo. Thuộc lô đầu tiên lắp ráp trong nước nên 80% linh kiện là nhập Đức, loa Harman Kardon, có lốp sơ cua.",HT Car Auto
https://bonbanh.com/xe-ford-f150-limited-2016-6683819,6683819,"Xe 
			
							Ford F150 
						Limited 
						2016
						- 2 Tỷ 130 Triệu",2016,Xe đã dùng,"53,000 Km",Nhập khẩu,Bán tải / Pickup,Số tự động,Xăng  3.5 L,Trắng,Nâu,5 chỗ,4 cửa,4WD - Dẫn động 4 bánh,"DUY NHẤT TRÊN THỊ TRƯỜNG.
 | KHỦNG LONG NHẬP MỸ.
 | - Ford F150 Limited sx 2016 đăng ký lần đầu 2017, Odo: 53,000Miles siêu mới, biển A ko niên hạn ( Ô tô con Pickup ), siêu hiếm trên thị trường. Xe trang bị động cơ xăng V6 3.5L Ecoboost cho công suất 365hp. Xe trang bị full kịch Option: cửa trời toàn cảnh, cam 360, cảnh báo điểm mù, lazang 22inch, ghế massage, sưởi và làm mát ghế, nắp cuộn điện..vv
 | - Xe nguyên bản, cực mới, kiểm tra và giao xe toàn quốc.",Hà Nội - Auto
https://bonbanh.com/xe-toyota-fortuner-2.4g-4x2-mt-2020-6631758,6631758,"Xe 
			
							Toyota Fortuner 
						2.4G 4x2 MT 
						2020
						- 715 Triệu",2020,Xe đã dùng,14 Km,Lắp ráp trong nước,SUV,Số tay,Dầu  2.4 L,Trắng,Đen,7 chỗ,5 cửa,RFD - Dẫn động cầu sau,"AUTO SƠN HÀ 
 |  Toyota Fortuner 2.4G 4x2 MT - 2020 cực mượt, một chiếc SUV được thịnh hành nhất nhì tại thị trường Việt Nam.
 |  Xe màu trắng , máy dầu 1 cầu, biển trắng, 1 chủ từ mới
 |  ODO : 140.000 km 
 |  Chiếc xe Fortuner mang dáng dấp hầm hố và đẳng cấp. Xe đi chơi, xe gia đình, xe đi công việc cũng quá hợp lí,trang bị hàng loạt tính năng an toàn và hiện đại ...
 |  ---
 | ✓ Cam kết không đâm đụng, ngập nước, động cơ nguyên bản
 | ✓ Hỗ trợ thủ tục vay ngân hàng
 | ✓ Hỗ trợ thủ tục pháp lý sang tên, di chuyển
 | ✓ Bao check, test toàn quốc
 | ✓ Tư vấn 24/7 mọi vấn đề về xe",Auto Sơn Hà
https://bonbanh.com/xe-lexus-lx-570-2018-6549515,6549515,"Xe 
			
							Lexus LX 
						570 
						2018
						- 5 Tỷ 950 Triệu",2018,Xe đã dùng,"93,000 Km",Nhập khẩu,SUV,Số tự động,Xăng  5.7 L,Trắng,Đỏ,7 chỗ,5 cửa,AWD - 4 bánh toàn thời gian,"Lexus LX570
 | - Sx 2018 odo 93.000 Km
 | - màu Trắng nội thất Đỏ đô
 | - Bản 8 ghế, nhập Nhật Bản
 | - động cơ V8 5.7L AT 8 cấp
 | - 362 Mã / 530 Nm
 | - Dẫn động Awd
 | ✓ Option:
 | - Nâng hạ gầm, cửa sổ trời
 | - 2 màn hình gối đầu
 | - Cam 360, hắt kính Hud
 | - Cốp điện, hộp lạnh, hàng ghế 3 xếp điện
 | - Sưởi, làm mát lưng ghế, nhớ 3 vị trí
 | - Loa 3d Mark Levision
 | - 3 chế độ lái, vô lăng chỉnh điện
 | - Cruise control, lẫy sang số thể thao
 | - Kết nối đt, ra lệnh giọng nói
 | - 10 túi khí....
 | ⚠️ Xe bảo dưỡng chính hãng đầy đủ
 |  4 Cam Kết Bán Hàng:
 | 1 - Số Km trung thực
 | 2 - Động cơ, khung gầm nguyên bản theo nhà sx
 | 3 - Không ta i nạ n
 | 4 - Không thủy kích
 | - Bank hỗ trợ 60-65%
 |  Auto Xuyên Á 720 Trường Chinh - Tân Bình - Tphcm",Salon Auto Xuyên Á
https://bonbanh.com/xe-vinfast-lux_sa_2.0-premium-2.0-at-2021-6692183,6692183,"Xe 
			
							VinFast Lux SA 2.0 
						Premium 2.0 AT 
						2021
						- 718 Triệu",2021,Xe đã dùng,"70,000 Km",Lắp ráp trong nước,SUV,Số tự động,Xăng  2.0 L,Đen,Nâu,7 chỗ,5 cửa,AWD - 4 bánh toàn thời gian,"Lux SA Premium (full) sx 2021 màu đen, nội thất màu coffee thịnh hành nhất
 | (Khẳng định là chiếc xe vượt trội nhất thị trường chuyển nhượng về độ đẹp, đi giữ trong tầm tiền cùng đời sx 2021) | 
 |  Pháp lý chính chủ tư nhân
 |  7 vạn km (không tour)
 |  Trang bị full thiết bị của bản Premium: 2 ghế trước chỉnh điện, cam 360 và nhiều tính năng hiện đại của bản full
 |  Độ thêm: phim cách nhiệt Mỹ 3M chính hãng, thảm sàn | 
 |  Cam kết: dứt khoát toàn xe nguyên bản (ngập nước, thủy kích, tu bổ động cơ = 0).
 | Sơn zin 85%, kết cấu nguyên zin, không 1 cm keo chỉ, cột kèo, 6 kính, gầm, càng nguyên zin, 4 cánh, capo, cốp sau... 2 tai zin 100% | 
 |  Hỗ trợ hồ sơ, test bất kỳ hãng, garage hay thợ xem do khách chỉ định, ship tận nơi. | 
 | Khách phát hiện lỗi nhỏ không đúng với miêu tả, trả full đủ tiền và đền khách 10–20 triệu công đi lại giao dịch. | 
 | Cam kết bằng văn bản kèm video khi giao xe, uy tín tại showroom.",Việt Hùng Auto
https://bonbanh.com/xe-mercedes_benz-c_class-c200-avantgarde-2007-6691296,6691296,"Xe 
			
							Mercedes Benz C class 
						C200 Avantgarde 
						2007
						- 199 Triệu",2007,Xe đã dùng,"80,000 Km",Lắp ráp trong nước,Sedan,Số tự động,Xăng  1.8 L,Đen,Đen,5 chỗ,4 cửa,RFD - Dẫn động cầu sau,"Mercedes Benz C200 sx 2007. Mới đi chỉ 8 vạn km ( siêu ít cho một chiếc xe 18 năm). Máy móc nguyên zin khô ráo. Thuộc lô đầu tiên lắp ráp trong nước nên 80% linh kiện là nhập Đức, loa Harman Kardon, có lốp sơ cua.",HT Car Auto
https://bonbanh.com/xe-ford-f150-limited-2016-6683819,6683819,"Xe 
			
							Ford F150 
						Limited 
						2016
						- 2 Tỷ 130 Triệu",2016,Xe đã dùng,"53,000 Km",Nhập khẩu,Bán tải / Pickup,Số tự động,Xăng  3.5 L,Trắng,Nâu,5 chỗ,4 cửa,4WD - Dẫn động 4 bánh,"DUY NHẤT TRÊN THỊ TRƯỜNG.
 | KHỦNG LONG NHẬP MỸ.
 | - Ford F150 Limited sx 2016 đăng ký lần đầu 2017, Odo: 53,000Miles siêu mới, biển A ko niên hạn ( Ô tô con Pickup ), siêu hiếm trên thị trường. Xe trang bị động cơ xăng V6 3.5L Ecoboost cho công suất 365hp. Xe trang bị full kịch Option: cửa trời toàn cảnh, cam 360, cảnh báo điểm mù, lazang 22inch, ghế massage, sưởi và làm mát ghế, nắp cuộn điện..vv
 | - Xe nguyên bản, cực mới, kiểm tra và giao xe toàn quốc.",Hà Nội - Auto
https://bonbanh.com/xe-toyota-fortuner-2.4g-4x2-mt-2020-6631758,6631758,"Xe 
			
							Toyota Fortuner 
						2.4G 4x2 MT 
						2020
						- 715 Triệu",2020,Xe đã dùng,14 Km,Lắp ráp trong nước,SUV,Số tay,Dầu  2.4 L,Trắng,Đen,7 chỗ,5 cửa,RFD - Dẫn động cầu sau,"AUTO SƠN HÀ 
 |  Toyota Fortuner 2.4G 4x2 MT - 2020 cực mượt, một chiếc SUV được thịnh hành nhất nhì tại thị trường Việt Nam.
 |  Xe màu trắng , máy dầu 1 cầu, biển trắng, 1 chủ từ mới
 |  ODO : 140.000 km 
 |  Chiếc xe Fortuner mang dáng dấp hầm hố và đẳng cấp. Xe đi chơi, xe gia đình, xe đi công việc cũng quá hợp lí,trang bị hàng loạt tính năng an toàn và hiện đại ...
 |  ---
 | ✓ Cam kết không đâm đụng, ngập nước, động cơ nguyên bản
 | ✓ Hỗ trợ thủ tục vay ngân hàng
 | ✓ Hỗ trợ thủ tục pháp lý sang tên, di chuyển
 | ✓ Bao check, test toàn quốc
 | ✓ Tư vấn 24/7 mọi vấn đề về xe",Auto Sơn Hà
https://bonbanh.com/xe-lexus-lx-570-2018-6549515,6549515,"Xe 
			
							Lexus LX 
						570 
						2018
						- 5 Tỷ 950 Triệu",2018,Xe đã dùng,"93,000 Km",Nhập khẩu,SUV,Số tự động,Xăng  5.7 L,Trắng,Đỏ,7 chỗ,5 cửa,AWD - 4 bánh toàn thời gian,"Lexus LX570
 | - Sx 2018 odo 93.000 Km
 | - màu Trắng nội thất Đỏ đô
 | - Bản 8 ghế, nhập Nhật Bản
 | - động cơ V8 5.7L AT 8 cấp
 | - 362 Mã / 530 Nm
 | - Dẫn động Awd
 | ✓ Option:
 | - Nâng hạ gầm, cửa sổ trời
 | - 2 màn hình gối đầu
 | - Cam 360, hắt kính Hud
 | - Cốp điện, hộp lạnh, hàng ghế 3 xếp điện
 | - Sưởi, làm mát lưng ghế, nhớ 3 vị trí
 | - Loa 3d Mark Levision
 | - 3 chế độ lái, vô lăng chỉnh điện
 | - Cruise control, lẫy sang số thể thao
 | - Kết nối đt, ra lệnh giọng nói
 | - 10 túi khí....
 | ⚠️ Xe bảo dưỡng chính hãng đầy đủ
 |  4 Cam Kết Bán Hàng:
 | 1 - Số Km trung thực
 | 2 - Động cơ, khung gầm nguyên bản theo nhà sx
 | 3 - Không ta i nạ n
 | 4 - Không thủy kích
 | - Bank hỗ trợ 60-65%
 |  Auto Xuyên Á 720 Trường Chinh - Tân Bình - Tphcm",Salon Auto Xuyên Á
https://bonbanh.com/xe-hyundai-accent-1.4-mt-2021-6694479,6694479,"Xe 
			
							Hyundai Accent 
						1.4 MT 
						2021
						- 319 Triệu",2021,Xe đã dùng,"100,000 Km",Lắp ráp trong nước,Sedan,Số tay,Xăng  1.4 L,Trắng,Kem,5 chỗ,4 cửa,FWD - Dẫn động cầu trước,"* Accent 1.4 MT bản Đủ - sản xuất 2021 - ODO 10 Vạn km xe cực chất!
 | Tình trạng: xe có bị lỗi đít (mất chỉ cốp)
 | Còn lại zin hết - cả hệ thống kính zin theo xe.  | 
 | - Tất cả xe bán ra đều có cam kết:
 | - Bao check test bên thứ 3
 | - Bao quay đầu hoặc đổi các lên đời
 | - Pháp lý chuẩn chỉ (sang tên chính chủ)
 | - Hỗ trợ vay bank 70% giá trị xe
 | - Hỗ trợ vận chuyển xe toàn quốc
 | Chi tiết xem xe và trải nghiệm tại: VINH QUANG AUTO - Linh Đàm - Hà Nội | 
 | VINH QUANG AUTO --- Xe chất - Giá tốt!",Vinh Quang Auto
https://bonbanh.com/xe-toyota-land_cruiser-3.5-v6-2024-6685845,6685845,"Xe 
			
							Toyota Land Cruiser 
						3.5 V6 
						2024
						- 5 Tỷ 280 Triệu",2024,Xe đã dùng,"30,000 Km",Nhập khẩu,SUV,Số tự động,Xăng  3.4 L,Đồng,Kem,7 chỗ,5 cửa,AWD - 4 bánh toàn thời gian,"Liên hệ ngay để được tư vấn chi tiết về sản phẩm và các trang thiết bị được lắp thêm theo xe!
 | Xe đã qua sử dụng chính hãng tại Toyota Pháp Vân
 | Xe đã được kiểm tra 176 hạng mục theo tiêu chuẩn của Toyota.
 | Xe được bảo hành và cam kết khung gầm, động cơ hộp số nguyên bản. Cam kết xe không đâm đụng, không bị ngập nước thuỷ kích.
 | Có hỗ trợ vay ngân hàng từ 70-75% giá trị xe
 | Ưu tiên thu mua đổi xe cũ lấy xe mới, xe cũ lấy xe cũ đời cao.
 | Gọi em ngay để được mua giá tốt.
 | Cám ơn quý khách đã quan tâm và sử dụng dịch vụ!",Toyota Sure Pháp Vân
https://bonbanh.com/xe-mini-cooper-s-5-door-2022-6667063,6667063,"Xe 
			
							Mini Cooper 
						S 5 Door 
						2022
						- 1 Tỷ 558 Triệu",2022,Xe đã dùng,"6,666 Km",Nhập khẩu,Hatchback,Số tự động,Xăng  2.0 L,Xám,Nâu,5 chỗ,5 cửa,FWD - Dẫn động cầu trước,"#MINI_Cooper_S 5 Door Model 2023 Odo 6.666 Miles ( Mini 3 Cửa Cực Xinh ).  | 
 |  Màu Xám Rooftop Grey / nội thất Nâu
 |  Động cơ BMW 2.0L TwinPower Turbo công suất 192 mã lực và mô-men xoắn cực đại 280Nm. Hộp số ly hợp kép 7 cấp Steptronic.
 |  Xe trang bị: Đèn pha Full LED, mâm 1i inch Pulse Spoke, ghế da Chester Malt cao cấp, cửa sổ trời, 6 loa cao cấp, màn hình cảm ứng 8.8 inch, Apple Carplay không dây, vô lăng bọc da nappa, camera lùi,... | 
 |  Bảo hành chính hãng không giới hạn km ,Bao test hãng Toàn Quốc.
 |  Tặng ngay gói chăm sóc xe và phủ Ceramic cao cấp .
 |  CAM KẾT ; xe không đâm đụng, không ngập nước, km chuẩn.
 |  Ngân hàng hỗ trợ 70% _90% .
 |  Giá tham khảo : 1.Tỷ xxx VND",Phát Đạt Luxury Car
https://bonbanh.com/xe-mercedes_benz-s_class-s450-4matic-maybach-2020-6649708,6649708,"Xe 
			
							Mercedes Benz S class 
						S450 4Matic Maybach 
						2020
						- 4 Tỷ 499 Triệu",2020,Xe đã dùng,"42,000 Km",Nhập khẩu,Sedan,Số tự động,Xăng  3.0 L,Đen,Kem,4 chỗ,4 cửa,AWD - 4 bánh toàn thời gian,"#Mercedes_Maybach_S450 sản xuất 2020 lăn bánh chuẩn 41.111 km . Chất xe cực kỳ mới , đẹp không tỳ vết.  | 
 | Màu đen nội thất kem siêu hiếm , xe bảo dưỡng full lịch sử hãng , 1 xe duy nhất thị trường !",Mr Phong La
https://bonbanh.com/xe-ford-ranger-xls-2.0l-4x2-at-2026-6621043,6621043,"Xe 
			
							Ford Ranger 
						XLS 2.0L 4x2 AT 
						2026
						- 595 Triệu",2026,Xe mới,,Lắp ráp trong nước,Bán tải / Pickup,Số tự động,Dầu  2.0 L,Trắng,Đen,5 chỗ,4 cửa,RFD - Dẫn động cầu sau,"Ford Ranger XLS 2.0L 4x2 AT 2026 | 
 | Xe sẵn đủ màu, giao ngay
 | Cam kết giá tốt, cạnh tranh
 | Hỗ trợ TG lãi suất tốt, thủ tục giải ngân nhanh
 | Tư vấn tận tâm, tận tình | 
 | Ford Ranger XLS 2.0L 4x2 AT 2026 | 
 | - Ngoại hình mới hầm hố đậm chất Mỹ, thiết kế cụm đèn chữ C kiểu F150
 | - Nội thất rộng rãi 5 chỗ ngồi
 | - Động cơ Diesel 2.0L mới 170 mã lực
 | - Số tự động 6 cấp mới
 | - Tay lái trợ lực điện
 | - Rất tiếp kiệm dầu
 | - An toàn ABS, EDB, kiểm soát lật xe+trọng tải, Cruise - Lim Control, khởi hành ngang dốc
 | - 6 túi khí
 | - Hệ thống Sync 4A, màn hình cảm ứng 10 "". Kết nối Carplay, Androi Auto
 | - Màn hình công tơ mét 8 ""
 | ———————————————————
 | Tư vấn - Phục vụ 24/7 cho ACE khi cần hỗ trợ về xe",Hà Nội Ford
https://bonbanh.com/xe-toyota-alphard-luxury-executive-lounge-2018-6568875,6568875,"Xe 
			
							Toyota Alphard 
						Luxury Executive Lounge 
						2018
						- 2 Tỷ 599 Triệu",2018,Xe đã dùng,"84,000 Km",Nhập khẩu,Van/Minivan,Số tự động,Xăng  3.5 L,Đen,Đen,7 chỗ,5 cửa,FWD - Dẫn động cầu trước,"Bách Hải auto luxury car
 | Xe đang bán :Toyota Alphard
 | Sản xuất : 2018
 | Odo : 84.000km
 | - Hệ thống âm thanh chất lượng cao với 17 loa JBL
 | -ghế VIP/chuyên cơ có thể chỉnh điện + đệm đỡ chân, mang lại tư thế ngồi rất thoải mái
 | -có màn hình riêng cho hàng ghế sau, giúp hành khách phía sau giải trí khi di chuyển.
 | -Lên ghế masage, màn hình android
 | Hỗ trợ bank 70% giá trị xe
 | * Cam kết chất lượng xe trên hợp đồng
 | • Giao xe và rút hồ sơ xe toàn quốc
 | Chi tiết vui lòng liên hệ theo số hotline
 | Showroom Bách Hải Auto - Thương hiệu đc khẳng định
 | Địa chỉ : 15 Lê Văn Lương - Trung Hòà - Cầu Giấy - Hà Nội",Bách Hải Auto
https://bonbanh.com/xe-mercedes_benz-s_class-s450-4matic-luxury-2023-6524176,6524176,"Xe 
			
							Mercedes Benz S class 
						S450 4Matic Luxury 
						2023
						- 3 Tỷ 800 Triệu",2023,Xe đã dùng,"12,000 Km",Nhập khẩu,Sedan,Số tự động,Xăng  3.0 L,Xanh,Đen,5 chỗ,4 cửa,AWD - 4 bánh toàn thời gian,"Mercedes S450 Luxury 4matic Model 2023, màu xanh đen, nội thất đen, đẹp xuất sắc, chắc chắn chuẩn bao test kiểm tra chính hãng. 
 | - Lăn bánh được 12.000km.
 | - Bảo hành chính hãng không giới hạn Km đến cuối năm 2026.
 | - S450 Luxury 4matic đời mới có thiết kế mới.
 | - Hệ thống âm thanh 3D Burmester.
 | - Ghế thương gia, Massage. 
 | - Động cơ Mild-Hybrid tiết kiệm và cực kỳ êm ái.
 | - Xe nhập Chính hãng Xuất hóa đơn .tương đương giá bán xuất đủ
 | _.
 | Auto Minh Luân cam kết:
 | + Đảm bảo không tai nạn ngập nước,
 | + Máy móc nguyên zin,
 | + Tình trạng xe còn rất mới 90/100.
 | _.
 | - Hỗ trợ khách hàng làm thủ tục vay trả góp ngân hàng lãi suất thấp
 | - Mọi thông tin về xe xin hãy liên hệ để được tư vấn tốt nhất. AUTO MINH LUAN. Salon hỗ trợ khách hàng làm thủ tục vay trả góp ngân hàng lãi suất thấp. Quý khách quan tâm vui lòng liên hệ MINH LUAN AUTO để biết thêm thông tin chi tiết.",Salon Auto Minh Luân
https://bonbanh.com/xe-vinfast-vf8-eco-awd-2022-6542419,6542419,"Xe 
			
							VinFast VF8 
						Eco AWD 
						2022
						- 548 Triệu",2022,Xe đã dùng,"64,000 Km",Lắp ráp trong nước,SUV,Số tự động,Điện,Trắng,Đen,5 chỗ,5 cửa,AWD - 4 bánh toàn thời gian,"BÁN GẤP – GIÁ SỐC KHÔNG TƯỞNG (đã áp các loại km)
 | VINFAST VF8 ECO 2022 – CHẠY 6 VẠN KM – ĐẸP KHÔNG TÌ VẾT! | 
 | Anh em nào đang tìm xe điện ngon – bổ – rẻ thì đừng lướt qua, phí cả cơ hội vàng! | 
 |  VF8 bản Eco – SX 2022
 |  Đi chuẩn 6 vạn km – máy êm, pin ổn định
 |  Nội thất đen sang trọng, giữ gìn như mới
 |  Ngoại hình đẹp xuất sắc, không một điểm chê
 |  Lên đời xe điện mới nên bán – xe gia đình dùng kỹ, nói không với đâm đụng – ngập nước | 
 |  Giá để anh em hốt nhanh – rẻ nhất thị trường
 | Ai xem là chốt, ai thử là mê! | 
 |  Liên hệ ngay kẻo mất món ngon!
 | Xe đẹp – giá tốt – không mua là tiếc cả năm!",GF Thường Tín
https://bonbanh.com/xe-ford-everest-titanium-2.0l-4x2-at-2026-6599245,6599245,"Xe 
			
							Ford Everest 
						Titanium 2.0L 4x2 AT 
						2026
						- 1 Tỷ 219 Triệu",2026,Xe mới,,Nhập khẩu,SUV,Số tự động,Dầu  2.0 L,Trắng,Đen,7 chỗ,5 cửa,RFD - Dẫn động cầu sau,"Ford Everest Titanium 4x2 AT - KHUYẾN MÃI HẤP DẪN!!! | 
 | - Trang bị: Hệ thống đèn chiếu sáng trước LED, tự động bật đèn, màn hình cảm ứng đặt dọc 12 inch, hỗ trợ SYNC 4; đồng hồ TFT 12 inch; vô-lăng và ghế bọc da, ghế lái chỉnh điện 8 hướng, hàng ghế thứ 3 gập điện tiện lợi; sạc không dây; điều khiển âm thanh trên vô-lăng; chìa khóa thông minh; khởi động nút bấm; điều hòa tự động hai vùng; cửa sổ trời toàn cảnh...",Hà Hương
https://bonbanh.com/xe-mercedes_benz-glc-200-2020-6591409,6591409,"Xe 
			
							Mercedes Benz GLC 
						200 
						2020
						- 1 Tỷ 160 Triệu",2020,Xe đã dùng,"48,139 Km",Lắp ráp trong nước,SUV,Số tự động,Xăng  2.0 L,Trắng,Kem,5 chỗ,5 cửa,RFD - Dẫn động cầu sau,"GLC 200 sản xuất 2020, tư nhân HN, trắng nội thất kem, odo 4 vạn km zin, full lịch sử bảo hành hãng, bao check test toàn quốc, khuyến khích mua bán kiểm tra xe cùng bên thứ 3 
 | Hỗ trợ bank tối đa giá trị xe",Tiến Quân Car
https://bonbanh.com/xe-ford-ranger-wildtrak-2.0l-4x4-at-2021-6694582,6694582,"Xe 
			
							Ford Ranger 
						Wildtrak 2.0L 4x4 AT 
						2021
						- 720 Triệu",2021,Xe đã dùng,"50,000 Km",Lắp ráp trong nước,Bán tải / Pickup,Số tự động,Dầu  2.0 L,Trắng,Đen,5 chỗ,4 cửa,4WD - Dẫn động 4 bánh,"Ford Ranger Wildtrak 4x4 - Sx2021
 | - Odo: 50.000km (chuẩn odo) 
 | - Đi lướt.
 | - Đã kiểm tra 167 điểm đâm đụng ngập nước có xác nhận của hãng. | 
 | - Giá: (có thương lượng thêm)",Mr.bảo
https://bonbanh.com/xe-mercedes_benz-c_class-c200-avantgarde-plus-2026-6223942,6223942,"Xe 
			
							Mercedes Benz C class 
						C200 Avantgarde Plus 
						2026
						- 1 Tỷ 499 Triệu",2026,Xe mới,,Lắp ráp trong nước,Sedan,Số tự động,Xăng  1.5 L,Đỏ,Đen,5 chỗ,4 cửa,RFD - Dẫn động cầu sau,"ƯU ĐÃI ĐẶC BIỆT KHI MUA MERCEDES-BENZ NGAY HÔM NAY ! | 
 | (HOT) Ưu đãi giảm giá sâu lên tới 320 TRIỆU
 | Giảm 50% lệ phí trước bạ
 | Hỗ trợ mua xe trả góp đến 85%, thời gian vay mua xe tối đa lên đến 8 năm, lãi suất chỉ từ 0.5%
 | Tặng gói phụ kiện chính hãng lên đến 50 triệu (dán film cách nhiệt, phủ ceramic, thảm trải sàn)
 | Tặng bảo hiểm thân vỏ
 | Bảo dưỡng miễn phí
 | Quà tặng chính hãng đến từ Mercedes-benz Việt Nam (Ô, áo, mũ, gấu,...)
 | Lái thử xe, sẵn xe đủ màu giao ngay, hỗ trợ giao xe tận nhà.
 | Hỗ trợ đăng kí, đăng kiểm trọn gói. Hỗ trợ đấu giá lấy biển VVIP theo ý muốn, chi phí cực rẻ.
 | Bảo hành 5 năm trên Toàn Quốc. | 
 | Mercedes-Benz C 200 Plus nâng cấp những tính năng đáng tiền:
 | - Loa Burmester thiết kế tinh tế sang trọng, âm thanh tuyệt đỉnh
 | - Hệ thống lọc không khí ENERGIZING AIR CONTROL lần đầu tiên trang bị trên C Class
 | - Và Cụm đen Full Led - Chức năng hỗ trợ điều chỉnh Pha cốt tự động xịn xò
 | - Bộ mâm đa chấu trẻ trung | 
 | - Động cơ 204 mã lực.
 | - Nội thất ốp gỗ cao cấp
 | - Kết nối Apple Carplay và Android Auto không dây
 | - Đèn viền nội thất 64 màu
 | - Màn hình giải trí mới cảm ứng 11.9 inch
 | - Đèn pha Full Led cao cấp
 | - 15 loa Burmester
 | - Đá cốp thông minh
 | - KEYLESS-GO
 | ....Và nhiều tính năng an toàn khác...",Mr Chung
https://bonbanh.com/xe-hyundai-tucson-2.0-at-dac-biet-2024-6692405,6692405,"Xe 
			
							Hyundai Tucson 
						2.0 AT Đặc biệt 
						2024
						- 835 Triệu",2024,Xe đã dùng,"30,000 Km",Lắp ráp trong nước,Crossover,Số tự động,Xăng  2.0 L,Đen,Đen,5 chỗ,5 cửa,FWD - Dẫn động cầu trước,"Bán xe Hyundai Tucson đời 2024 2.0 ATH, tên tư nhân sử dụng từ mới xe đi 3 vạn km. Xe được trang bị nhiều tiện ích như:
 | - Động cơ 2.0 mạnh mẽ- Hệ thống ABS, túi khí- Gương kính chỉnh điện- Chìa khóa thông minh , điều hoà tự động, cảnh báo lệch làn, hub kính, cam 360, cửa sổ trời paronama- Màn hình dvd kết hợp camera lùi
 | Xe đi 3 vạn km, bảo dưỡng và sử dụng kỹ nên chất lượng nên xe còn rất mới đến 90%, cam kết xe ko đâm va, ko ngập nước, hỗ trợ vay trả góp 75% giá trị xe, lãi suất ưu đãi. Sang tên chỉ mất 2% thuế
 | để biết thêm thông tin và liên hệ xem xe trực tiếp xin gọi theo sdt xin cảm ơn!",Minh Chuyên Auto
https://bonbanh.com/xe-hyundai-santafe-cao-cap-2.5l-htrac-2023-6645668,6645668,"Xe 
			
							Hyundai SantaFe 
						Cao cấp 2.5L HTRAC 
						2023
						- 1 Tỷ 148 Triệu",2023,Xe đã dùng,"30,000 Km",Lắp ráp trong nước,SUV,Số tự động,Xăng  2.5 L,Trắng,Nâu,7 chỗ,5 cửa,AWD - 4 bánh toàn thời gian,"Santafe sản xuất 2023 bản premium
 | Đi 3 vạn
 | - Trang bị: hệ dẫn động 4 bánh HTRAC, cửa sổ trời toàn cảnh, ghế da cao cấp sưởi/làm mát, cốp điện, sạc không dây, màn hình 10.25 inch, hệ thống âm thanh Harman Kardon, và gói an toàn SmartSense toàn diện ...
 | Quý khách vui lòng liên hệ xem xe để biết thêm thông tin chi tiết!",Nguyễn Hồng Đại
https://bonbanh.com/xe-mazda-cx8-premium-2024-6695637,6695637,"Xe 
			
							Mazda CX8 
						Premium 
						2024
						- 975 Triệu",2024,Xe đã dùng,"20,000 Km",Lắp ráp trong nước,SUV,Số tự động,Xăng  2.5 L,Trắng,Nâu,7 chỗ,5 cửa,FWD - Dẫn động cầu trước,"MODEL MỚI PHOM MỚI NHẤT
 | CX8 2024 Premium trắng, chạy 2 vạn km, chất lượng tuyệt đối. Tiết kiệm khoản kha khá ạ, tự tin nhận cọc. Lỗi đốt xe luôn. Phân khúc 7 chỗ đáng đồng tiền bát gạo.
 | Xem xe tại hà nội",Thanh Xuân
https://bonbanh.com/xe-mercedes_benz-c_class-c200-avantgarde-2007-6691296,6691296,"Xe 
			
							Mercedes Benz C class 
						C200 Avantgarde 
						2007
						- 199 Triệu",2007,Xe đã dùng,"80,000 Km",Lắp ráp trong nước,Sedan,Số tự động,Xăng  1.8 L,Đen,Đen,5 chỗ,4 cửa,RFD - Dẫn động cầu sau,"Mercedes Benz C200 sx 2007. Mới đi chỉ 8 vạn km ( siêu ít cho một chiếc xe 18 năm). Máy móc nguyên zin khô ráo. Thuộc lô đầu tiên lắp ráp trong nước nên 80% linh kiện là nhập Đức, loa Harman Kardon, có lốp sơ cua.",HT Car Auto
https://bonbanh.com/xe-ford-f150-limited-2016-6683819,6683819,"Xe 
			
							Ford F150 
						Limited 
						2016
						- 2 Tỷ 130 Triệu",2016,Xe đã dùng,"53,000 Km",Nhập khẩu,Bán tải / Pickup,Số tự động,Xăng  3.5 L,Trắng,Nâu,5 chỗ,4 cửa,4WD - Dẫn động 4 bánh,"DUY NHẤT TRÊN THỊ TRƯỜNG.
 | KHỦNG LONG NHẬP MỸ.
 | - Ford F150 Limited sx 2016 đăng ký lần đầu 2017, Odo: 53,000Miles siêu mới, biển A ko niên hạn ( Ô tô con Pickup ), siêu hiếm trên thị trường. Xe trang bị động cơ xăng V6 3.5L Ecoboost cho công suất 365hp. Xe trang bị full kịch Option: cửa trời toàn cảnh, cam 360, cảnh báo điểm mù, lazang 22inch, ghế massage, sưởi và làm mát ghế, nắp cuộn điện..vv
 | - Xe nguyên bản, cực mới, kiểm tra và giao xe toàn quốc.",Hà Nội - Auto
https://bonbanh.com/xe-toyota-fortuner-2.4g-4x2-mt-2020-6631758,6631758,"Xe 
			
							Toyota Fortuner 
						2.4G 4x2 MT 
						2020
						- 715 Triệu",2020,Xe đã dùng,14 Km,Lắp ráp trong nước,SUV,Số tay,Dầu  2.4 L,Trắng,Đen,7 chỗ,5 cửa,RFD - Dẫn động cầu sau,"AUTO SƠN HÀ 
 |  Toyota Fortuner 2.4G 4x2 MT - 2020 cực mượt, một chiếc SUV được thịnh hành nhất nhì tại thị trường Việt Nam.
 |  Xe màu trắng , máy dầu 1 cầu, biển trắng, 1 chủ từ mới
 |  ODO : 140.000 km 
 |  Chiếc xe Fortuner mang dáng dấp hầm hố và đẳng cấp. Xe đi chơi, xe gia đình, xe đi công việc cũng quá hợp lí,trang bị hàng loạt tính năng an toàn và hiện đại ...
 |  ---
 | ✓ Cam kết không đâm đụng, ngập nước, động cơ nguyên bản
 | ✓ Hỗ trợ thủ tục vay ngân hàng
 | ✓ Hỗ trợ thủ tục pháp lý sang tên, di chuyển
 | ✓ Bao check, test toàn quốc
 | ✓ Tư vấn 24/7 mọi vấn đề về xe",Auto Sơn Hà
https://bonbanh.com/xe-lexus-lx-570-2018-6549515,6549515,"Xe 
			
							Lexus LX 
						570 
						2018
						- 5 Tỷ 950 Triệu",2018,Xe đã dùng,"93,000 Km",Nhập khẩu,SUV,Số tự động,Xăng  5.7 L,Trắng,Đỏ,7 chỗ,5 cửa,AWD - 4 bánh toàn thời gian,"Lexus LX570
 | - Sx 2018 odo 93.000 Km
 | - màu Trắng nội thất Đỏ đô
 | - Bản 8 ghế, nhập Nhật Bản
 | - động cơ V8 5.7L AT 8 cấp
 | - 362 Mã / 530 Nm
 | - Dẫn động Awd
 | ✓ Option:
 | - Nâng hạ gầm, cửa sổ trời
 | - 2 màn hình gối đầu
 | - Cam 360, hắt kính Hud
 | - Cốp điện, hộp lạnh, hàng ghế 3 xếp điện
 | - Sưởi, làm mát lưng ghế, nhớ 3 vị trí
 | - Loa 3d Mark Levision
 | - 3 chế độ lái, vô lăng chỉnh điện
 | - Cruise control, lẫy sang số thể thao
 | - Kết nối đt, ra lệnh giọng nói
 | - 10 túi khí....
 | ⚠️ Xe bảo dưỡng chính hãng đầy đủ
 |  4 Cam Kết Bán Hàng:
 | 1 - Số Km trung thực
 | 2 - Động cơ, khung gầm nguyên bản theo nhà sx
 | 3 - Không ta i nạ n
 | 4 - Không thủy kích
 | - Bank hỗ trợ 60-65%
 |  Auto Xuyên Á 720 Trường Chinh - Tân Bình - Tphcm",Salon Auto Xuyên Á
https://bonbanh.com/xe-hyundai-accent-1.4-mt-2021-6694479,6694479,"Xe 
			
							Hyundai Accent 
						1.4 MT 
						2021
						- 319 Triệu",2021,Xe đã dùng,"100,000 Km",Lắp ráp trong nước,Sedan,Số tay,Xăng  1.4 L,Trắng,Kem,5 chỗ,4 cửa,FWD - Dẫn động cầu trước,"* Accent 1.4 MT bản Đủ - sản xuất 2021 - ODO 10 Vạn km xe cực chất!
 | Tình trạng: xe có bị lỗi đít (mất chỉ cốp)
 | Còn lại zin hết - cả hệ thống kính zin theo xe.  | 
 | - Tất cả xe bán ra đều có cam kết:
 | - Bao check test bên thứ 3
 | - Bao quay đầu hoặc đổi các lên đời
 | - Pháp lý chuẩn chỉ (sang tên chính chủ)
 | - Hỗ trợ vay bank 70% giá trị xe
 | - Hỗ trợ vận chuyển xe toàn quốc
 | Chi tiết xem xe và trải nghiệm tại: VINH QUANG AUTO - Linh Đàm - Hà Nội | 
 | VINH QUANG AUTO --- Xe chất - Giá tốt!",Vinh Quang Auto
https://bonbanh.com/xe-toyota-land_cruiser-3.5-v6-2024-6685845,6685845,"Xe 
			
							Toyota Land Cruiser 
						3.5 V6 
						2024
						- 5 Tỷ 280 Triệu",2024,Xe đã dùng,"30,000 Km",Nhập khẩu,SUV,Số tự động,Xăng  3.4 L,Đồng,Kem,7 chỗ,5 cửa,AWD - 4 bánh toàn thời gian,"Liên hệ ngay để được tư vấn chi tiết về sản phẩm và các trang thiết bị được lắp thêm theo xe!
 | Xe đã qua sử dụng chính hãng tại Toyota Pháp Vân
 | Xe đã được kiểm tra 176 hạng mục theo tiêu chuẩn của Toyota.
 | Xe được bảo hành và cam kết khung gầm, động cơ hộp số nguyên bản. Cam kết xe không đâm đụng, không bị ngập nước thuỷ kích.
 | Có hỗ trợ vay ngân hàng từ 70-75% giá trị xe
 | Ưu tiên thu mua đổi xe cũ lấy xe mới, xe cũ lấy xe cũ đời cao.
 | Gọi em ngay để được mua giá tốt.
 | Cám ơn quý khách đã quan tâm và sử dụng dịch vụ!",Toyota Sure Pháp Vân
https://bonbanh.com/xe-mini-cooper-s-5-door-2022-6667063,6667063,"Xe 
			
							Mini Cooper 
						S 5 Door 
						2022
						- 1 Tỷ 558 Triệu",2022,Xe đã dùng,"6,666 Km",Nhập khẩu,Hatchback,Số tự động,Xăng  2.0 L,Xám,Nâu,5 chỗ,5 cửa,FWD - Dẫn động cầu trước,"#MINI_Cooper_S 5 Door Model 2023 Odo 6.666 Miles ( Mini 3 Cửa Cực Xinh ).  | 
 |  Màu Xám Rooftop Grey / nội thất Nâu
 |  Động cơ BMW 2.0L TwinPower Turbo công suất 192 mã lực và mô-men xoắn cực đại 280Nm. Hộp số ly hợp kép 7 cấp Steptronic.
 |  Xe trang bị: Đèn pha Full LED, mâm 1i inch Pulse Spoke, ghế da Chester Malt cao cấp, cửa sổ trời, 6 loa cao cấp, màn hình cảm ứng 8.8 inch, Apple Carplay không dây, vô lăng bọc da nappa, camera lùi,... | 
 |  Bảo hành chính hãng không giới hạn km ,Bao test hãng Toàn Quốc.
 |  Tặng ngay gói chăm sóc xe và phủ Ceramic cao cấp .
 |  CAM KẾT ; xe không đâm đụng, không ngập nước, km chuẩn.
 |  Ngân hàng hỗ trợ 70% _90% .
 |  Giá tham khảo : 1.Tỷ xxx VND",Phát Đạt Luxury Car
https://bonbanh.com/xe-mercedes_benz-s_class-s450-4matic-maybach-2020-6649708,6649708,"Xe 
			
							Mercedes Benz S class 
						S450 4Matic Maybach 
						2020
						- 4 Tỷ 499 Triệu",2020,Xe đã dùng,"42,000 Km",Nhập khẩu,Sedan,Số tự động,Xăng  3.0 L,Đen,Kem,4 chỗ,4 cửa,AWD - 4 bánh toàn thời gian,"#Mercedes_Maybach_S450 sản xuất 2020 lăn bánh chuẩn 41.111 km . Chất xe cực kỳ mới , đẹp không tỳ vết.  | 
 | Màu đen nội thất kem siêu hiếm , xe bảo dưỡng full lịch sử hãng , 1 xe duy nhất thị trường !",Mr Phong La
https://bonbanh.com/xe-ford-ranger-xls-2.0l-4x2-at-2026-6621043,6621043,"Xe 
			
							Ford Ranger 
						XLS 2.0L 4x2 AT 
						2026
						- 595 Triệu",2026,Xe mới,,Lắp ráp trong nước,Bán tải / Pickup,Số tự động,Dầu  2.0 L,Trắng,Đen,5 chỗ,4 cửa,RFD - Dẫn động cầu sau,"Ford Ranger XLS 2.0L 4x2 AT 2026 | 
 | Xe sẵn đủ màu, giao ngay
 | Cam kết giá tốt, cạnh tranh
 | Hỗ trợ TG lãi suất tốt, thủ tục giải ngân nhanh
 | Tư vấn tận tâm, tận tình | 
 | Ford Ranger XLS 2.0L 4x2 AT 2026 | 
 | - Ngoại hình mới hầm hố đậm chất Mỹ, thiết kế cụm đèn chữ C kiểu F150
 | - Nội thất rộng rãi 5 chỗ ngồi
 | - Động cơ Diesel 2.0L mới 170 mã lực
 | - Số tự động 6 cấp mới
 | - Tay lái trợ lực điện
 | - Rất tiếp kiệm dầu
 | - An toàn ABS, EDB, kiểm soát lật xe+trọng tải, Cruise - Lim Control, khởi hành ngang dốc
 | - 6 túi khí
 | - Hệ thống Sync 4A, màn hình cảm ứng 10 "". Kết nối Carplay, Androi Auto
 | - Màn hình công tơ mét 8 ""
 | ———————————————————
 | Tư vấn - Phục vụ 24/7 cho ACE khi cần hỗ trợ về xe",Hà Nội Ford
https://bonbanh.com/xe-toyota-alphard-luxury-executive-lounge-2018-6568875,6568875,"Xe 
			
							Toyota Alphard 
						Luxury Executive Lounge 
						2018
						- 2 Tỷ 599 Triệu",2018,Xe đã dùng,"84,000 Km",Nhập khẩu,Van/Minivan,Số tự động,Xăng  3.5 L,Đen,Đen,7 chỗ,5 cửa,FWD - Dẫn động cầu trước,"Bách Hải auto luxury car
 | Xe đang bán :Toyota Alphard
 | Sản xuất : 2018
 | Odo : 84.000km
 | - Hệ thống âm thanh chất lượng cao với 17 loa JBL
 | -ghế VIP/chuyên cơ có thể chỉnh điện + đệm đỡ chân, mang lại tư thế ngồi rất thoải mái
 | -có màn hình riêng cho hàng ghế sau, giúp hành khách phía sau giải trí khi di chuyển.
 | -Lên ghế masage, màn hình android
 | Hỗ trợ bank 70% giá trị xe
 | * Cam kết chất lượng xe trên hợp đồng
 | • Giao xe và rút hồ sơ xe toàn quốc
 | Chi tiết vui lòng liên hệ theo số hotline
 | Showroom Bách Hải Auto - Thương hiệu đc khẳng định
 | Địa chỉ : 15 Lê Văn Lương - Trung Hòà - Cầu Giấy - Hà Nội",Bách Hải Auto
https://bonbanh.com/xe-mercedes_benz-s_class-s450-4matic-luxury-2023-6524176,6524176,"Xe 
			
							Mercedes Benz S class 
						S450 4Matic Luxury 
						2023
						- 3 Tỷ 800 Triệu",2023,Xe đã dùng,"12,000 Km",Nhập khẩu,Sedan,Số tự động,Xăng  3.0 L,Xanh,Đen,5 chỗ,4 cửa,AWD - 4 bánh toàn thời gian,"Mercedes S450 Luxury 4matic Model 2023, màu xanh đen, nội thất đen, đẹp xuất sắc, chắc chắn chuẩn bao test kiểm tra chính hãng. 
 | - Lăn bánh được 12.000km.
 | - Bảo hành chính hãng không giới hạn Km đến cuối năm 2026.
 | - S450 Luxury 4matic đời mới có thiết kế mới.
 | - Hệ thống âm thanh 3D Burmester.
 | - Ghế thương gia, Massage. 
 | - Động cơ Mild-Hybrid tiết kiệm và cực kỳ êm ái.
 | - Xe nhập Chính hãng Xuất hóa đơn .tương đương giá bán xuất đủ
 | _.
 | Auto Minh Luân cam kết:
 | + Đảm bảo không tai nạn ngập nước,
 | + Máy móc nguyên zin,
 | + Tình trạng xe còn rất mới 90/100.
 | _.
 | - Hỗ trợ khách hàng làm thủ tục vay trả góp ngân hàng lãi suất thấp
 | - Mọi thông tin về xe xin hãy liên hệ để được tư vấn tốt nhất. AUTO MINH LUAN. Salon hỗ trợ khách hàng làm thủ tục vay trả góp ngân hàng lãi suất thấp. Quý khách quan tâm vui lòng liên hệ MINH LUAN AUTO để biết thêm thông tin chi tiết.",Salon Auto Minh Luân
https://bonbanh.com/xe-vinfast-vf8-eco-awd-2022-6542419,6542419,"Xe 
			
							VinFast VF8 
						Eco AWD 
						2022
						- 548 Triệu",2022,Xe đã dùng,"64,000 Km",Lắp ráp trong nước,SUV,Số tự động,Điện,Trắng,Đen,5 chỗ,5 cửa,AWD - 4 bánh toàn thời gian,"BÁN GẤP – GIÁ SỐC KHÔNG TƯỞNG (đã áp các loại km)
 | VINFAST VF8 ECO 2022 – CHẠY 6 VẠN KM – ĐẸP KHÔNG TÌ VẾT! | 
 | Anh em nào đang tìm xe điện ngon – bổ – rẻ thì đừng lướt qua, phí cả cơ hội vàng! | 
 |  VF8 bản Eco – SX 2022
 |  Đi chuẩn 6 vạn km – máy êm, pin ổn định
 |  Nội thất đen sang trọng, giữ gìn như mới
 |  Ngoại hình đẹp xuất sắc, không một điểm chê
 |  Lên đời xe điện mới nên bán – xe gia đình dùng kỹ, nói không với đâm đụng – ngập nước | 
 |  Giá để anh em hốt nhanh – rẻ nhất thị trường
 | Ai xem là chốt, ai thử là mê! | 
 |  Liên hệ ngay kẻo mất món ngon!
 | Xe đẹp – giá tốt – không mua là tiếc cả năm!",GF Thường Tín
https://bonbanh.com/xe-ford-everest-titanium-2.0l-4x2-at-2026-6599245,6599245,"Xe 
			
							Ford Everest 
						Titanium 2.0L 4x2 AT 
						2026
						- 1 Tỷ 219 Triệu",2026,Xe mới,,Nhập khẩu,SUV,Số tự động,Dầu  2.0 L,Trắng,Đen,7 chỗ,5 cửa,RFD - Dẫn động cầu sau,"Ford Everest Titanium 4x2 AT - KHUYẾN MÃI HẤP DẪN!!! | 
 | - Trang bị: Hệ thống đèn chiếu sáng trước LED, tự động bật đèn, màn hình cảm ứng đặt dọc 12 inch, hỗ trợ SYNC 4; đồng hồ TFT 12 inch; vô-lăng và ghế bọc da, ghế lái chỉnh điện 8 hướng, hàng ghế thứ 3 gập điện tiện lợi; sạc không dây; điều khiển âm thanh trên vô-lăng; chìa khóa thông minh; khởi động nút bấm; điều hòa tự động hai vùng; cửa sổ trời toàn cảnh...",Hà Hương
https://bonbanh.com/xe-mercedes_benz-glc-200-2020-6591409,6591409,"Xe 
			
							Mercedes Benz GLC 
						200 
						2020
						- 1 Tỷ 160 Triệu",2020,Xe đã dùng,"48,139 Km",Lắp ráp trong nước,SUV,Số tự động,Xăng  2.0 L,Trắng,Kem,5 chỗ,5 cửa,RFD - Dẫn động cầu sau,"GLC 200 sản xuất 2020, tư nhân HN, trắng nội thất kem, odo 4 vạn km zin, full lịch sử bảo hành hãng, bao check test toàn quốc, khuyến khích mua bán kiểm tra xe cùng bên thứ 3 
 | Hỗ trợ bank tối đa giá trị xe",Tiến Quân Car
https://bonbanh.com/xe-ford-ranger-wildtrak-2.0l-4x4-at-2021-6694582,6694582,"Xe 
			
							Ford Ranger 
						Wildtrak 2.0L 4x4 AT 
						2021
						- 720 Triệu",2021,Xe đã dùng,"50,000 Km",Lắp ráp trong nước,Bán tải / Pickup,Số tự động,Dầu  2.0 L,Trắng,Đen,5 chỗ,4 cửa,4WD - Dẫn động 4 bánh,"Ford Ranger Wildtrak 4x4 - Sx2021
 | - Odo: 50.000km (chuẩn odo) 
 | - Đi lướt.
 | - Đã kiểm tra 167 điểm đâm đụng ngập nước có xác nhận của hãng. | 
 | - Giá: (có thương lượng thêm)",Mr.bảo
https://bonbanh.com/xe-mercedes_benz-c_class-c200-avantgarde-plus-2026-6223942,6223942,"Xe 
			
							Mercedes Benz C class 
						C200 Avantgarde Plus 
						2026
						- 1 Tỷ 499 Triệu",2026,Xe mới,,Lắp ráp trong nước,Sedan,Số tự động,Xăng  1.5 L,Đỏ,Đen,5 chỗ,4 cửa,RFD - Dẫn động cầu sau,"ƯU ĐÃI ĐẶC BIỆT KHI MUA MERCEDES-BENZ NGAY HÔM NAY ! | 
 | (HOT) Ưu đãi giảm giá sâu lên tới 320 TRIỆU
 | Giảm 50% lệ phí trước bạ
 | Hỗ trợ mua xe trả góp đến 85%, thời gian vay mua xe tối đa lên đến 8 năm, lãi suất chỉ từ 0.5%
 | Tặng gói phụ kiện chính hãng lên đến 50 triệu (dán film cách nhiệt, phủ ceramic, thảm trải sàn)
 | Tặng bảo hiểm thân vỏ
 | Bảo dưỡng miễn phí
 | Quà tặng chính hãng đến từ Mercedes-benz Việt Nam (Ô, áo, mũ, gấu,...)
 | Lái thử xe, sẵn xe đủ màu giao ngay, hỗ trợ giao xe tận nhà.
 | Hỗ trợ đăng kí, đăng kiểm trọn gói. Hỗ trợ đấu giá lấy biển VVIP theo ý muốn, chi phí cực rẻ.
 | Bảo hành 5 năm trên Toàn Quốc. | 
 | Mercedes-Benz C 200 Plus nâng cấp những tính năng đáng tiền:
 | - Loa Burmester thiết kế tinh tế sang trọng, âm thanh tuyệt đỉnh
 | - Hệ thống lọc không khí ENERGIZING AIR CONTROL lần đầu tiên trang bị trên C Class
 | - Và Cụm đen Full Led - Chức năng hỗ trợ điều chỉnh Pha cốt tự động xịn xò
 | - Bộ mâm đa chấu trẻ trung | 
 | - Động cơ 204 mã lực.
 | - Nội thất ốp gỗ cao cấp
 | - Kết nối Apple Carplay và Android Auto không dây
 | - Đèn viền nội thất 64 màu
 | - Màn hình giải trí mới cảm ứng 11.9 inch
 | - Đèn pha Full Led cao cấp
 | - 15 loa Burmester
 | - Đá cốp thông minh
 | - KEYLESS-GO
 | ....Và nhiều tính năng an toàn khác...",Mr Chung
https://bonbanh.com/xe-hyundai-tucson-2.0-at-dac-biet-2024-6692405,6692405,"Xe 
			
							Hyundai Tucson 
						2.0 AT Đặc biệt 
						2024
						- 835 Triệu",2024,Xe đã dùng,"30,000 Km",Lắp ráp trong nước,Crossover,Số tự động,Xăng  2.0 L,Đen,Đen,5 chỗ,5 cửa,FWD - Dẫn động cầu trước,"Bán xe Hyundai Tucson đời 2024 2.0 ATH, tên tư nhân sử dụng từ mới xe đi 3 vạn km. Xe được trang bị nhiều tiện ích như:
 | - Động cơ 2.0 mạnh mẽ- Hệ thống ABS, túi khí- Gương kính chỉnh điện- Chìa khóa thông minh , điều hoà tự động, cảnh báo lệch làn, hub kính, cam 360, cửa sổ trời paronama- Màn hình dvd kết hợp camera lùi
 | Xe đi 3 vạn km, bảo dưỡng và sử dụng kỹ nên chất lượng nên xe còn rất mới đến 90%, cam kết xe ko đâm va, ko ngập nước, hỗ trợ vay trả góp 75% giá trị xe, lãi suất ưu đãi. Sang tên chỉ mất 2% thuế
 | để biết thêm thông tin và liên hệ xem xe trực tiếp xin gọi theo sdt xin cảm ơn!",Minh Chuyên Auto
https://bonbanh.com/xe-hyundai-santafe-cao-cap-2.5l-htrac-2023-6645668,6645668,"Xe 
			
							Hyundai SantaFe 
						Cao cấp 2.5L HTRAC 
						2023
						- 1 Tỷ 148 Triệu",2023,Xe đã dùng,"30,000 Km",Lắp ráp trong nước,SUV,Số tự động,Xăng  2.5 L,Trắng,Nâu,7 chỗ,5 cửa,AWD - 4 bánh toàn thời gian,"Santafe sản xuất 2023 bản premium
 | Đi 3 vạn
 | - Trang bị: hệ dẫn động 4 bánh HTRAC, cửa sổ trời toàn cảnh, ghế da cao cấp sưởi/làm mát, cốp điện, sạc không dây, màn hình 10.25 inch, hệ thống âm thanh Harman Kardon, và gói an toàn SmartSense toàn diện ...
 | Quý khách vui lòng liên hệ xem xe để biết thêm thông tin chi tiết!",Nguyễn Hồng Đại
https://bonbanh.com/xe-mazda-cx8-premium-2024-6695637,6695637,"Xe 
			
							Mazda CX8 
						Premium 
						2024
						- 975 Triệu",2024,Xe đã dùng,"20,000 Km",Lắp ráp trong nước,SUV,Số tự động,Xăng  2.5 L,Trắng,Nâu,7 chỗ,5 cửa,FWD - Dẫn động cầu trước,"MODEL MỚI PHOM MỚI NHẤT
 | CX8 2024 Premium trắng, chạy 2 vạn km, chất lượng tuyệt đối. Tiết kiệm khoản kha khá ạ, tự tin nhận cọc. Lỗi đốt xe luôn. Phân khúc 7 chỗ đáng đồng tiền bát gạo.
 | Xem xe tại hà nội",Thanh Xuân
https://bonbanh.com/xe-hyundai-santafe-2.4l-4wd-2017-6695633,6695633,"Xe 
			
							Hyundai SantaFe 
						2.4L 4WD 
						2017
						- 555 Triệu",2017,Xe đã dùng,"120,000 Km",Lắp ráp trong nước,SUV,Số tự động,Xăng  2.4 L,Cát,Kem,7 chỗ,5 cửa,4WD - Dẫn động 4 bánh,"Hyundai santafe 2017 máy xăng, màu vàng cát, bản full
 | - Odo 12 vạn.
 | - Xe trang bị full option cao cấp: trang bị full option, cửa nóc panorama toàn cảnh, màn DVD, nội thất nguyên theo xe. | 
 | - Xe trang bị full option cao cấp theo nhà sx
 | - Xe bảo dưỡng định kỳ Full lịch sử hãng
 | - Chúng tôi cam kết bằng văn bản xe không lỗi
 | - Thủ tục sang tên nhanh gọn
 | - Hỗ trợ BANK trên toàn quốc
 | - Chúng tôi chuyên cung cấp biển đấu giá định danh đẹp hợp phong thủy
 | - Quý khách có nhu cầu mua bán trao đổi xe qua sử dụng hãy LH với chúng tôi",Trường Huy Auto
https://bonbanh.com/xe-vinfast-vf8-eco-awd-2022-6542419,6542419,"Xe 
			
							VinFast VF8 
						Eco AWD 
						2022
						- 548 Triệu",2022,Xe đã dùng,"64,000 Km",Lắp ráp trong nước,SUV,Số tự động,Điện,Trắng,Đen,5 chỗ,5 cửa,AWD - 4 bánh toàn thời gian,"BÁN GẤP – GIÁ SỐC KHÔNG TƯỞNG (đã áp các loại km)
 | VINFAST VF8 ECO 2022 – CHẠY 6 VẠN KM – ĐẸP KHÔNG TÌ VẾT! | 
 | Anh em nào đang tìm xe điện ngon – bổ – rẻ thì đừng lướt qua, phí cả cơ hội vàng! | 
 |  VF8 bản Eco – SX 2022
 |  Đi chuẩn 6 vạn km – máy êm, pin ổn định
 |  Nội thất đen sang trọng, giữ gìn như mới
 |  Ngoại hình đẹp xuất sắc, không một điểm chê
 |  Lên đời xe điện mới nên bán – xe gia đình dùng kỹ, nói không với đâm đụng – ngập nước | 
 |  Giá để anh em hốt nhanh – rẻ nhất thị trường
 | Ai xem là chốt, ai thử là mê! | 
 |  Liên hệ ngay kẻo mất món ngon!
 | Xe đẹp – giá tốt – không mua là tiếc cả năm!",GF Thường Tín
https://bonbanh.com/xe-ford-everest-titanium-2.0l-4x2-at-2026-6599245,6599245,"Xe 
			
							Ford Everest 
						Titanium 2.0L 4x2 AT 
						2026
						- 1 Tỷ 219 Triệu",2026,Xe mới,,Nhập khẩu,SUV,Số tự động,Dầu  2.0 L,Trắng,Đen,7 chỗ,5 cửa,RFD - Dẫn động cầu sau,"Ford Everest Titanium 4x2 AT - KHUYẾN MÃI HẤP DẪN!!! | 
 | - Trang bị: Hệ thống đèn chiếu sáng trước LED, tự động bật đèn, màn hình cảm ứng đặt dọc 12 inch, hỗ trợ SYNC 4; đồng hồ TFT 12 inch; vô-lăng và ghế bọc da, ghế lái chỉnh điện 8 hướng, hàng ghế thứ 3 gập điện tiện lợi; sạc không dây; điều khiển âm thanh trên vô-lăng; chìa khóa thông minh; khởi động nút bấm; điều hòa tự động hai vùng; cửa sổ trời toàn cảnh...",Hà Hương
https://bonbanh.com/xe-mercedes_benz-glc-200-2020-6591409,6591409,"Xe 
			
							Mercedes Benz GLC 
						200 
						2020
						- 1 Tỷ 160 Triệu",2020,Xe đã dùng,"48,139 Km",Lắp ráp trong nước,SUV,Số tự động,Xăng  2.0 L,Trắng,Kem,5 chỗ,5 cửa,RFD - Dẫn động cầu sau,"GLC 200 sản xuất 2020, tư nhân HN, trắng nội thất kem, odo 4 vạn km zin, full lịch sử bảo hành hãng, bao check test toàn quốc, khuyến khích mua bán kiểm tra xe cùng bên thứ 3 
 | Hỗ trợ bank tối đa giá trị xe",Tiến Quân Car
https://bonbanh.com/xe-ford-ranger-wildtrak-2.0l-4x4-at-2021-6694582,6694582,"Xe 
			
							Ford Ranger 
						Wildtrak 2.0L 4x4 AT 
						2021
						- 720 Triệu",2021,Xe đã dùng,"50,000 Km",Lắp ráp trong nước,Bán tải / Pickup,Số tự động,Dầu  2.0 L,Trắng,Đen,5 chỗ,4 cửa,4WD - Dẫn động 4 bánh,"Ford Ranger Wildtrak 4x4 - Sx2021
 | - Odo: 50.000km (chuẩn odo) 
 | - Đi lướt.
 | - Đã kiểm tra 167 điểm đâm đụng ngập nước có xác nhận của hãng. | 
 | - Giá: (có thương lượng thêm)",Mr.bảo
https://bonbanh.com/xe-mercedes_benz-c_class-c200-avantgarde-plus-2026-6223942,6223942,"Xe 
			
							Mercedes Benz C class 
						C200 Avantgarde Plus 
						2026
						- 1 Tỷ 499 Triệu",2026,Xe mới,,Lắp ráp trong nước,Sedan,Số tự động,Xăng  1.5 L,Đỏ,Đen,5 chỗ,4 cửa,RFD - Dẫn động cầu sau,"ƯU ĐÃI ĐẶC BIỆT KHI MUA MERCEDES-BENZ NGAY HÔM NAY ! | 
 | (HOT) Ưu đãi giảm giá sâu lên tới 320 TRIỆU
 | Giảm 50% lệ phí trước bạ
 | Hỗ trợ mua xe trả góp đến 85%, thời gian vay mua xe tối đa lên đến 8 năm, lãi suất chỉ từ 0.5%
 | Tặng gói phụ kiện chính hãng lên đến 50 triệu (dán film cách nhiệt, phủ ceramic, thảm trải sàn)
 | Tặng bảo hiểm thân vỏ
 | Bảo dưỡng miễn phí
 | Quà tặng chính hãng đến từ Mercedes-benz Việt Nam (Ô, áo, mũ, gấu,...)
 | Lái thử xe, sẵn xe đủ màu giao ngay, hỗ trợ giao xe tận nhà.
 | Hỗ trợ đăng kí, đăng kiểm trọn gói. Hỗ trợ đấu giá lấy biển VVIP theo ý muốn, chi phí cực rẻ.
 | Bảo hành 5 năm trên Toàn Quốc. | 
 | Mercedes-Benz C 200 Plus nâng cấp những tính năng đáng tiền:
 | - Loa Burmester thiết kế tinh tế sang trọng, âm thanh tuyệt đỉnh
 | - Hệ thống lọc không khí ENERGIZING AIR CONTROL lần đầu tiên trang bị trên C Class
 | - Và Cụm đen Full Led - Chức năng hỗ trợ điều chỉnh Pha cốt tự động xịn xò
 | - Bộ mâm đa chấu trẻ trung | 
 | - Động cơ 204 mã lực.
 | - Nội thất ốp gỗ cao cấp
 | - Kết nối Apple Carplay và Android Auto không dây
 | - Đèn viền nội thất 64 màu
 | - Màn hình giải trí mới cảm ứng 11.9 inch
 | - Đèn pha Full Led cao cấp
 | - 15 loa Burmester
 | - Đá cốp thông minh
 | - KEYLESS-GO
 | ....Và nhiều tính năng an toàn khác...",Mr Chung
https://bonbanh.com/xe-hyundai-tucson-2.0-at-dac-biet-2024-6692405,6692405,"Xe 
			
							Hyundai Tucson 
						2.0 AT Đặc biệt 
						2024
						- 835 Triệu",2024,Xe đã dùng,"30,000 Km",Lắp ráp trong nước,Crossover,Số tự động,Xăng  2.0 L,Đen,Đen,5 chỗ,5 cửa,FWD - Dẫn động cầu trước,"Bán xe Hyundai Tucson đời 2024 2.0 ATH, tên tư nhân sử dụng từ mới xe đi 3 vạn km. Xe được trang bị nhiều tiện ích như:
 | - Động cơ 2.0 mạnh mẽ- Hệ thống ABS, túi khí- Gương kính chỉnh điện- Chìa khóa thông minh , điều hoà tự động, cảnh báo lệch làn, hub kính, cam 360, cửa sổ trời paronama- Màn hình dvd kết hợp camera lùi
 | Xe đi 3 vạn km, bảo dưỡng và sử dụng kỹ nên chất lượng nên xe còn rất mới đến 90%, cam kết xe ko đâm va, ko ngập nước, hỗ trợ vay trả góp 75% giá trị xe, lãi suất ưu đãi. Sang tên chỉ mất 2% thuế
 | để biết thêm thông tin và liên hệ xem xe trực tiếp xin gọi theo sdt xin cảm ơn!",Minh Chuyên Auto
https://bonbanh.com/xe-hyundai-santafe-cao-cap-2.5l-htrac-2023-6645668,6645668,"Xe 
			
							Hyundai SantaFe 
						Cao cấp 2.5L HTRAC 
						2023
						- 1 Tỷ 148 Triệu",2023,Xe đã dùng,"30,000 Km",Lắp ráp trong nước,SUV,Số tự động,Xăng  2.5 L,Trắng,Nâu,7 chỗ,5 cửa,AWD - 4 bánh toàn thời gian,"Santafe sản xuất 2023 bản premium
 | Đi 3 vạn
 | - Trang bị: hệ dẫn động 4 bánh HTRAC, cửa sổ trời toàn cảnh, ghế da cao cấp sưởi/làm mát, cốp điện, sạc không dây, màn hình 10.25 inch, hệ thống âm thanh Harman Kardon, và gói an toàn SmartSense toàn diện ...
 | Quý khách vui lòng liên hệ xem xe để biết thêm thông tin chi tiết!",Nguyễn Hồng Đại
https://bonbanh.com/xe-mazda-cx8-premium-2024-6695637,6695637,"Xe 
			
							Mazda CX8 
						Premium 
						2024
						- 975 Triệu",2024,Xe đã dùng,"20,000 Km",Lắp ráp trong nước,SUV,Số tự động,Xăng  2.5 L,Trắng,Nâu,7 chỗ,5 cửa,FWD - Dẫn động cầu trước,"MODEL MỚI PHOM MỚI NHẤT
 | CX8 2024 Premium trắng, chạy 2 vạn km, chất lượng tuyệt đối. Tiết kiệm khoản kha khá ạ, tự tin nhận cọc. Lỗi đốt xe luôn. Phân khúc 7 chỗ đáng đồng tiền bát gạo.
 | Xem xe tại hà nội",Thanh Xuân
https://bonbanh.com/xe-hyundai-santafe-2.4l-4wd-2017-6695633,6695633,"Xe 
			
							Hyundai SantaFe 
						2.4L 4WD 
						2017
						- 555 Triệu",2017,Xe đã dùng,"120,000 Km",Lắp ráp trong nước,SUV,Số tự động,Xăng  2.4 L,Cát,Kem,7 chỗ,5 cửa,4WD - Dẫn động 4 bánh,"Hyundai santafe 2017 máy xăng, màu vàng cát, bản full
 | - Odo 12 vạn.
 | - Xe trang bị full option cao cấp: trang bị full option, cửa nóc panorama toàn cảnh, màn DVD, nội thất nguyên theo xe. | 
 | - Xe trang bị full option cao cấp theo nhà sx
 | - Xe bảo dưỡng định kỳ Full lịch sử hãng
 | - Chúng tôi cam kết bằng văn bản xe không lỗi
 | - Thủ tục sang tên nhanh gọn
 | - Hỗ trợ BANK trên toàn quốc
 | - Chúng tôi chuyên cung cấp biển đấu giá định danh đẹp hợp phong thủy
 | - Quý khách có nhu cầu mua bán trao đổi xe qua sử dụng hãy LH với chúng tôi",Trường Huy Auto
https://bonbanh.com/xe-ford-mondeo-2.3-at-2010-6692591,6692591,"Xe 
			
							Ford Mondeo 
						2.3 AT 
						2010
						- 220 Triệu",2010,Xe đã dùng,"96,000 Km",Lắp ráp trong nước,Sedan,Số tự động,Xăng  2.3 L,Bạc,Đen,5 chỗ,4 cửa,FWD - Dẫn động cầu trước,"FORD MONDEO 2.3AT 
 | ✓Năm sx: 2010
 | ✓Odo: 93.000 Km
 | ✓Biển số: TP.HCM
 | ✓Màu sắc: Bạc
 | ✓Bảo hành: Động cơ và Hộp số 
 | ✓Cam kết: Không va chạm, Không thủy kích, đã kiểm tra 176 Hạng mục 
 | ✓Option theo xe:
 | - Đèn Cos biLED 
 | - Gương chỉnh điện, gập điện, báo rẽ
 | - Ghế da chỉnh điện 8 hướng bên Tài
 | - Vô lăng bọc da tích hợp điều chỉnh âm lượng, tiện ích,..
 | - Cửa sổ trời (sunroof)
 | - Điều hòa Auto
 | - Smartkey
 | - ABS, EBD,…",Surecar Vietnam
https://bonbanh.com/xe-vinfast-vf8-plus-awd-2025-6626452,6626452,"Xe 
			
							VinFast VF8 
						Plus AWD 
						2025
						- 949 Triệu",2025,Xe đã dùng,195 Km,Lắp ráp trong nước,SUV,Số tự động,Điện,Đỏ,Đen,5 chỗ,5 cửa,AWD - 4 bánh toàn thời gian,"Xe lướt đẹp, chất xe mới 100%
 | Hỗ trợ thủ tục hồ sơ nhanh chóng
 | Xe nguyên zin, pin mua sạc miễn phí",Huỳnh Chí Thông
https://bonbanh.com/xe-hyundai-santafe-2.4l-4wd-2017-6695629,6695629,"Xe 
			
							Hyundai SantaFe 
						2.4L 4WD 
						2017
						- 555 Triệu",2017,Xe đã dùng,"120,000 Km",Lắp ráp trong nước,SUV,Số tự động,Xăng  2.4 L,Cát,Kem,7 chỗ,5 cửa,4WD - Dẫn động 4 bánh,"Hyundai santafe 2017 máy xăng, màu vàng cát, bản full 
 | - Odo 12 vạn.
 | - Xe trang bị full option cao cấp: trang bị full option, cửa nóc panorama toàn cảnh, màn DVD, nội thất nguyên theo xe. | 
 | - Xe bảo dưỡng định kỳ Full lịch sử hãng
 | - Chúng tôi cam kết bằng văn bản xe không lỗi
 | - Thủ tục sang tên nhanh gọn
 | - Hỗ trợ BANK trên toàn quốc
 | - Chúng tôi chuyên cung cấp biển đấu giá định danh đẹp hợp phong thủy
 | - Quý khách có nhu cầu mua bán trao đổi xe qua sử dụng hãy LH với chúng tôi",Trường Huy Auto
https://bonbanh.com/xe-hyundai-santafe-cao-cap-2.2l-htrac-2022-6677562,6677562,"Xe 
			
							Hyundai SantaFe 
						Cao cấp 2.2L HTRAC 
						2022
						- 1 Tỷ 139 Triệu",2022,Xe đã dùng,"50,000 Km",Lắp ráp trong nước,SUV,Số tự động,Dầu  2.2 L,Trắng,Nâu,7 chỗ,5 cửa,AWD - 4 bánh toàn thời gian,"Xe đẹp không lỗi lầm, bao check test
 | Hỗ trợ vay và thủ tục hồ sơ
 | Xe odo chuần, cam kết k tua k lỗi lầm",Huỳnh Chí Thông
https://bonbanh.com/xe-mercedes_benz-gls-450-4matic-2022-6676865,6676865,"Xe 
			
							Mercedes Benz GLS 
						450 4Matic 
						2022
						- 3 Tỷ 999 Triệu",2022,Xe đã dùng,"50,000 Km",Nhập khẩu,SUV,Số tự động,Xăng  3.0 L,Trắng,Kem,7 chỗ,5 cửa,AWD - 4 bánh toàn thời gian,"Một viên duy nhất thị trường, siêu đẹp.  | 
 | GLS 450 sx 2022 trắng/kem 1 chủ từ mới.  | 
 | - Odo: 50.000km, bảo dưỡng full ls hãng, đẹp xuất sắc. 
 | - Đã lên nhiều đồ chơi: bậc Maybach, Tablet ghế sau... 
 | - Full Options: Động Cơ: 3.0L EQ Boost, hai màn hình kép 12.3in, âm thanh Burmester, Camera 360, hỗ trợ lùi chuồng tự động, Cửa sổ trời toàn cảnh, ... | 
 |  Giá còn thương lượng. Call em nhé.",Mr Dũng
https://bonbanh.com/xe-peugeot-3008-1.6-at-2019-6664601,6664601,"Xe 
			
							Peugeot 3008 
						1.6 AT 
						2019
						- 538 Triệu",2019,Xe đã dùng,"91,000 Km",Lắp ráp trong nước,Crossover,Số tự động,Xăng  1.6 L,Xanh,Đen,5 chỗ,5 cửa,FWD - Dẫn động cầu trước,"Oto đại phát đang bán chiếc Peugeut 3008 sản xuất 2019 đăng ký 2020 phiên bản faylip full otion . Xe được trang bị cửa sổ trời toàn cảnh padaroma đề statstop và rất nhiều các tính năng khc , đúng nghĩa của chiếc xe mang phong cách hiện đại (bầu trời công nghệ)hỗ trợ vay vốn lên đến 70/% phù hợp với người đang tìm mầu này",Auto Đại Phát
https://bonbanh.com/xe-toyota-corolla_cross-1.8v-2022-6633242,6633242,"Xe 
			
							Toyota Corolla Cross 
						1.8V 
						2022
						- 715 Triệu",2022,Xe đã dùng,"46,000 Km",Nhập khẩu,SUV,Số tự động,Xăng  1.8 L,Xanh,Đen,5 chỗ,5 cửa,FWD - Dẫn động cầu trước,"***toyota CROSS 1.8 V năm sx 2022
 | *ODO 4,6 van km 
 | *xe một chủ full lịch sử hãng 
 | *xe đẹp luôn cam kết Ko ngập nước Ko thủy kích Ko đâm va 
 | Hỗ trợ cho vay ngân hàng đến 75%
 | Xem xe tại Long Biên Hà Nội",Long Biên
https://bonbanh.com/xe-mercedes_benz-amg-gt-53-4matic-2022-6625224,6625224,"Xe 
			
							Mercedes Benz AMG GT 
						53 4Matic 
						2022
						- 3 Tỷ 799 Triệu",2022,Xe đã dùng,"16,000 Km",Nhập khẩu,Coupe,Số tự động,Xăng  3.0 L,Đỏ,Đen,5 chỗ,4 cửa,AWD - 4 bánh toàn thời gian,"Mercedes GT53 AMG _ sản xuất 2022 một chủ từ mới
 | • Chạy siêu lướt 1.6 vạn km . Máy i6 _ 3.0L EQ 
 | • Option full luôn với nội thất và ngoại thất cực kỳ thể thao.
 | Hỗ trợ ngân hàng 70% giá trị xe 
 | Địa chỉ : 363 nguyễn xiển , thanh xuân , hà nội",Quang Minh Auto
https://bonbanh.com/xe-mercedes_benz-glc-300-4matic-2021-6687482,6687482,"Xe 
			
							Mercedes Benz GLC 
						300 4Matic 
						2021
						- 1 Tỷ 458 Triệu",2021,Xe đã dùng,"63,999 Km",Lắp ráp trong nước,SUV,Số tự động,Xăng  2.0 L,Đen,Đen,5 chỗ,5 cửa,AWD - 4 bánh toàn thời gian,"Auto8x về GLC 300 2021 một chủ mua mới bảo dưỡng full định kì. Lướt 6v km chất xe mới cứng.
 | Giá tốt có thoả thuận
 | Ace quan tâm lh qua hotline là mua được",Auto 8X
https://bonbanh.com/xe-toyota-fortuner-2.8v-4x4-at-legender-2020-6683710,6683710,"Xe 
			
							Toyota Fortuner 
						2.8V 4x4 AT Legender 
						2020
						- 1 Tỷ 40 Triệu",2020,Xe đã dùng,0 Km,Lắp ráp trong nước,SUV,Số tự động,Dầu  2.8 L,Trắng,Nhiều màu,7 chỗ,5 cửa,4WD - Dẫn động 4 bánh,"TOYOTA FORTUNER LEGENDER 2.8 4x4 2020 – MÁY DẦU, 2 CẦU
 |  Trang bị nổi bật:
 |  Động cơ dầu 2.8L mạnh mẽ – tiết kiệm nhiên liệu
 |  Hộp số tự động 6 cấp
 |  Đèn LED Projector sắc nét
 |  Màn hình giải trí lớn, camera lùi
 |  Ghế da cao cấp, ghế lái chỉnh điện
 |  Điều hòa tự động 2 vùng
 |  Smartkey – đề nổ nút bấm | 
 |  An toàn cao cấp:
 | ✔ 7 túi khí
 | ✔ Cân bằng điện tử
 | ✔ Hỗ trợ khởi hành ngang dốc
 | ✔ Hệ thống kiểm soát lực kéo
 | ✔ Cảm biến hỗ trợ đỗ xe | 
 | - Xe cam kết không đâm đụng, không ngập nước, bao check hãng toàn quốc.
 | - Hỗ trợ sang tên đổi chủ, thủ tục giấy tờ pháp lý rõ ràng.
 | - Chế độ bảo hành hậu mãi, chăm sóc xe miễn phí sau khi mua xe | 
 | Liên hệ để biết thêm thông tin xe",Hoà Bình Auto
https://bonbanh.com/xe-landrover-range_rover-autobiography-lwb-3.0-i6-2020-6582356,6582356,"Xe 
			
							LandRover Range Rover 
						Autobiography LWB 3.0 I6 
						2020
						- 6 Tỷ 180 Triệu",2020,Xe đã dùng,"61,191 Km",Nhập khẩu,SUV,Số tự động,Xăng  3.0 L,Xanh,Nâu,5 chỗ,5 cửa,AWD - 4 bánh toàn thời gian,"Range Rover Autobiography I6 3.0 LWB sản xuất 2020 đăng kí 2021 5 Chỗ nhập Anh .Xe thường trang bị động cơ I6 3.0L kết hợp hộp số tự động 8 cấp và hệ dẫn động 4 bánh toàn thời gian, cho công suất mạnh mẽ, khả năng tăng tốc mượt mà nhưng vẫn ổn định và cách âm xuất sắc. Hệ thống treo khí nén điện tử giúp xe vận hành êm ái trên mọi địa hình.
 | Ngoại thất sang trọng với đèn LED Matrix thông minh, lưới tản nhiệt đặc trưng, thân xe kéo dài LWB tạo dáng uy nghi và không gian rộng rãi vượt trội. Nội thất 5 chỗ là điểm nhấn với da cao cấp, ốp gỗ tinh xảo, ghế chỉnh điện đa hướng tích hợp sưởi – làm mát – massage, điều hòa đa vùng, màn hình giải trí lớn cùng hệ thống âm 
 | thanh cao cấp. Khoang sau rộng rãi,khoang thương gia, mang lại trải nghiệm sang trọng, êm ái và tinh tế.",Sao Việt Auto
